"surveyID","surveyDate","ocs","cec","bdod","cfvo","clay","nitrogen","ocd","phh2o","sand","silt","soc","Tree.cover","Grassland","Buildings","Bare","Water","Mangroves","Shrubland","Herb.Wetland","Cropland","Moss","Snow","NVDI","Aridity","bio01","bio02","bio03","bio04","bio05","bio06","bio07","bio08","bio09","bio10","bio11","bio12","bio13","bio14","bio15","bio16","bio17","bio18","bio19","low_veg_mean_LI_year","low_veg_mean_LI_growing","high_veg_mean_LI_year","high_veg_mean_LI_growing","soil_temp_surf","Biome1","Lat","Long"
"Abdala_Site 6_Ruellia_nudiflora_Survey 1","9/7/2019",86,325,124,99,424,5661,514,74,327,249,603,0.896,0.077,0.014,0,0,0,0.013,0,0,0,0,8054,0.5981,260,133,67,2109,357,160,197,275,240,281,230,1093,193,30,65,512,92,283,102,2.5563834,2.40134683333333,6.50790697678571,6.34942628333333,301.539534925,NA,NA,NA
"Abdala_Site 6_Waltheria_indica_Survey 1","9/7/2019",99,369,122,199,320,6652,609,75,370,310,782,0.874,0.113,0.008,0,0,0,0.005,0,0,0,0,8682,0.534,259,112,65,2021,343,172,171,275,256,279,230,1003,181,19,70,491,70,386,96,2.72645569642857,2.76576743333333,5.262172875,5.29518635,301.584284763095,NA,NA,NA
"Abdala_Site 7_Ruellia_nudiflora_Survey 1","11/7/2019",74,306,128,111,473,4918,471,73,290,238,512,0.831,0.126,0.017,0,0,0,0.019,0,0.007,0,0,8609,0.5829,262,126,65,2130,358,165,193,277,242,284,232,939,179,18,73,455,62,250,72,2.53713480535714,2.35660805,6.58304632321429,6.37579346666667,301.601500242857,NA,NA,NA
"Abdala_Site 8_Ruellia_nudiflora_Survey 1","11/7/2019",79,324,130,130,409,3466,437,73,320,271,442,0.876,0.091,0.013,0,0,0,0.017,0,0.003,0,0,8278,0.5835,261,128,64,2184,359,162,197,276,241,284,230,965,184,19,73,464,63,259,72,2.53713480535714,2.35660805,6.58304632321429,6.37579346666667,301.601500242857,NA,NA,NA
"Abdala_Site 9_Solanum_donianum_Survey 1","7/16/2019",61.9135217,288.7769452,94.9727452,154.4983532,233.317903,4736.6253513,557.6709775,80.7037317,603.789515,162.7006194,709.1332172,0.024,0.106,0.161,0.001,0.342,0.363,0.003,0,0,0,0,284,0,256,95,65,1866,326,180,146,269,250,274,229,598,116,11,63,260,52,229,94,2.31213379166667,2.31105551666667,4.0278472875,4.0199585,300.912371961905,NA,NA,NA
"Allen_Site 1_Hebe_salicifolia_Survey 1","10/28/2020",86,319,90,94,223,4874,625,62,533,243,740,0.422,0.243,0.258,0.001,0.01,0,0.001,0,0.065,0,0,6701,0.5867,118,95,47,3753,220,18,202,74,117,164,68,614,65,39,16,183,131,132,175,2.44569542142857,2.50126429285714,4.26956178333333,4.27050781666667,286.395710202381,NA,NA,NA
"Allen_Site 1_Phormium_tenax_Survey 1","10/20/2020",86,319,90,94,223,4874,625,62,533,243,740,0.434,0.236,0.26,0.002,0.006,0,0.001,0,0.061,0,0,6701,0.5867,118,95,47,3753,220,18,202,74,117,164,68,614,65,39,16,183,131,132,175,2.44569542142857,2.50126429285714,4.26956178333333,4.27050781666667,286.395710202381,NA,NA,NA
"Allen_Site 1_Taraxacum_officinale_Survey 1","4/10/2020",77,291,82,91,214,4749,612,61,563,223,791,0.35,0.207,0.176,0.063,0.197,0,0.007,0,0,0,0,5337,0.6576,113,94,46,3715,215,14,201,63,159,159,63,639,79,38,22,203,129,129,203,2.514422475,2.61721366666667,0,0,286.687472314286,NA,NA,NA
"Allen_Site 3_Plantago_lanceolata_Survey 1","10/13/2020",84,281,92,88,242,4416,600,63,541,217,751,0.517,0.395,0,0.021,0.032,0,0,0,0.035,0,0,7549,0.5945,116,95,47,3771,218,16,202,65,163,163,65,653,68,44,13,187,145,145,187,2.32305908214286,2.35758461428571,4.2743108797619,4.27465529285714,286.030880296429,NA,NA,NA
"Allen_Site 4_Senecio_elegans_Survey 1","10/11/2020",81.1718462,330.5203633,89.0611388,112.2811125,225.5785441,4248.032638,574.3771818,66.2506031,558.807152,215.614304,781.2995018,0.067,0.205,0.025,0.077,0.582,0,0.014,0.017,0.013,0,0,4747,0.5749,120,92,46,3642,220,23,197,125,118,165,71,640,65,43,13,179,143,144,174,2.98928906845238,3.07697697857143,0,0,286.015001716667,NA,NA,NA
"Andrad_Site 1_Mimosa_tenuiflora_Survey 1","10/24/2020",24,167,139,83,213,1295,209,66,592,195,137,0.016,0.071,0.003,0.105,0,0,0.805,0,0,0,0,3598,0.2832,229,90,70,1257,295,168,127,233,229,242,210,384,84,3,81,207,13,136,98,1.56750487857143,1.47161865714286,0,0,301.432177084524,NA,NA,NA
"Andrad_Site 1_Tacinga_palmadora_Survey 1","10/26/2020",24,167,139,83,213,1295,209,66,592,195,137,0.012,0.069,0,0.093,0,0,0.826,0,0,0,0,3598,0.2832,229,90,70,1257,295,168,127,233,229,242,210,384,84,3,81,207,13,136,98,1.56750487857143,1.47161865714286,0,0,301.432177084524,NA,NA,NA
"Andrad_Site 1_Ziziphus_joazeiro_Survey 1","10/24/2020",24,167,139,83,213,1295,209,66,592,195,137,0.014,0.067,0.001,0.086,0,0,0.832,0,0,0,0,3598,0.2832,229,90,70,1257,295,168,127,233,229,242,210,384,84,3,81,207,13,136,98,1.56750487857143,1.47161865714286,0,0,301.432177084524,NA,NA,NA
"Anjos_Site 1_Microstachys_serrulata_Survey 1","9/23/2020",38,91,131,12,366,1294,254,52,450,183,218,0.151,0.365,0.019,0,0.004,0,0.21,0,0.251,0,0,5152,0.9878,216,123,68,1745,292,112,180,230,193,230,188,1464,279,9,80,749,33,749,53,2.43468220654762,2.36370848333333,1.86483909583333,1.73738603333333,297.090156795238,NA,NA,NA
"Anjos_Site 1_Ouratea_spectabilis_Survey 1","10/7/2020",38,86,131,11,372,1344,253,52,442,187,218,0.151,0.358,0.014,0,0.002,0,0.213,0,0.262,0,0,5649,0.9878,216,123,68,1745,292,112,180,230,193,230,188,1464,279,9,80,749,33,749,53,2.43468220654762,2.36370848333333,1.86483909583333,1.73738603333333,297.090156795238,NA,NA,NA
"Anjos_Site 1_Palicourea_rigida_Survey 1","10/1/2020",38,86,131,11,372,1344,253,52,442,187,218,0.13,0.374,0.012,0,0.003,0,0.224,0,0.257,0,0,4323,0.9878,216,123,68,1745,292,112,180,230,193,230,188,1464,279,9,80,749,33,749,53,2.43468220654762,2.36370848333333,1.86483909583333,1.73738603333333,297.090156795238,NA,NA,NA
"Anstet_Site 1_Plantago_lanceolata_Survey 1","10/26/2020",81.9978558,335.485113,103.216102,152.7961159,173.6389144,9103.3903694,547.8673038,52.7834957,399.3069595,427.198738,1028.3438801,0.535,0.126,0.334,0.004,0.001,0,0,0,0,0,0,5525,1.6909,96,76,33,5249,222,-3,225,37,165,165,32,1239,194,35,53,544,126,126,499,2.63602475892857,2.81523316666667,3.98195639583333,4.29098688333333,283.170652704762,NA,NA,NA
"Anstet_Site 1_Rumex_obtusifolius_Survey 1","10/24/2020",81.9181287,349.8563397,103.1212121,147.1527379,176.7268075,9099.4874801,560.1695508,53.7693381,399.1046119,424.2756778,1068.4393939,0.47,0.097,0.428,0.003,0.001,0,0,0,0.001,0,0,5525,1.6673,96,76,34,5227,222,-1,223,38,165,165,32,1234,193,35,53,542,125,125,496,2.6410615547619,2.81782255,3.96056969702381,4.27591706666667,283.142713128571,NA,NA,NA
"Anstet_Site 1_Symphyotrichum_novae-angliae_Survey 1","10/10/2020",66,263,129,67,284,7331,468,62,306,410,723,0.567,0.051,0.159,0.001,0.222,0,0,0,0,0,0,7408,0.8005,83,94,26,9400,271,-89,360,194,-33,201,-40,786,82,49,13,225,163,220,170,0.459250310714286,0.469278966666667,0.568004778571429,0.58709715,284.226548465476,NA,NA,NA
"Bagchi_Site 1_Achyranthes_aspera_Survey 1","9/27/2020",46,296,145,247,367,1968,225,66,386,247,252,0.353,0.042,0.357,0.013,0.001,0,0.225,0,0.009,0,0,4152,0.4412,250,131,53,2557,371,126,245,245,236,285,218,855,262,0,111,552,3,184,31,1.83174642916667,1.6710002,2.18026733333333,2.13435873333333,298.754979238095,NA,NA,NA
"Bagchi_Site 1_Hyptis_suaveolens_Survey 1","10/28/2020",46,296,145,247,367,1968,225,66,386,247,252,0.362,0.04,0.341,0.011,0,0,0.244,0,0.002,0,0,5043,0.4274,245,129,53,2536,366,123,243,240,232,280,215,886,283,0,114,581,2,183,32,1.83174642916667,1.6710002,2.18026733333333,2.13435873333333,298.754979238095,NA,NA,NA
"Bagchi_Site 1_Lantana_camara_Survey 1","9/12/2020",42.8270553,324.259417,146.8039854,228.5565022,367.2859492,1978.9623318,237.5188341,67,363.1840807,269.6164425,231.5880437,0.407,0.021,0.55,0.009,0.007,0,0.001,0,0.005,0,0,3084.6316311,0.4286,250,131,52,2589,373,125,248,246,236,286,219,825,245,0,109,525,3,182,31,1.83174642916667,1.6710002,2.18026733333333,2.13435873333333,298.754979238095,NA,NA,NA
"Bagchi_Site 2_Carpinus_caroliniana_Survey 1","9/16/2019",62,451,110,44,81,15226,643,46,567,352,1707,0.925,0.028,0.008,0,0,0,0,0,0.039,0,0,8802,1.1414,87,119,32,8723,271,-97,368,46,-19,196,-30,1208,114,84,7,320,277,299,282,0,0,3.01393708690476,5.02270508333333,283.968526889286,NA,NA,NA
"Bagchi_Site 2_Paulownia_tomentosa_Survey 1","8/23/2020",41,339,149,270,372,1866,212,66,378,250,220,0.341,0.177,0.114,0.002,0.001,0,0.356,0,0.009,0,0,5807,0.4479,247,130,52,2573,369,123,246,243,233,283,216,892,283,0,114,588,2,187,30,1.83174642916667,1.6710002,2.18026733333333,2.13435873333333,298.754979238095,NA,NA,NA
"Barbos_Site 1_Ageratum_fastigiatum_Survey 1","10/29/2020",51,146,125,82,283,2190,322,50,418,299,458,0.04,0.786,0.015,0.009,0,0,0.15,0,0,0,0,3980,1.1056,192,117,65,1815,274,94,180,207,170,211,165,1556,323,9,83,847,32,622,51,2.08854167083333,2.13920085,2.1542104,2.23665363333333,294.635575665476,NA,NA,NA
"Barbos_Site 1_Diplusodon_orbicularis_Survey 1","10/30/2020",56,143,124,79,283,1987,338,50,427,290,445,0.041,0.77,0.013,0.01,0,0,0.166,0,0,0,0,4733.1208008,1.1089,187,116,65,1768,269,91,178,202,166,206,161,1566,312,10,82,845,34,627,52,2.08854167083333,2.13920085,2.1542104,2.23665363333333,294.635575665476,NA,NA,NA
"Barbos_Site 1_Vellozia_variabilis_Survey 1","10/22/2020",51,146,125,82,283,2190,322,50,418,299,458,0.039,0.792,0.006,0.015,0,0,0.148,0,0,0,0,3980,1.1056,192,117,65,1815,274,94,180,207,170,211,165,1556,323,9,83,847,32,622,51,2.08854167083333,2.13920085,2.1542104,2.23665363333333,294.635575665476,NA,NA,NA
"Barret_Site 1_Aotus_genistoides_Survey 1","4/30/2020",66,196,105,157,129,3471,540,59,770,100,691,0.566,0.434,0,0,0,0,0,0,0,0,0,5158,0.4618,115,112,52,3643,238,24,214,70,148,161,70,527,80,14,51,226,61,89,226,2.05174764166667,1.97635906666667,2.413533525,2.33862305,289.973443264286,NA,NA,NA
"Barret_Site 1_Persoonia_micranthera_Survey 1","5/13/2020",69,192,103,146,128,3333,547,59,784,88,669,0.573,0.426,0,0,0,0,0.001,0,0,0,0,5776,0.4618,115,112,52,3643,238,24,214,70,148,161,70,527,80,14,51,226,61,89,226,2.05174764166667,1.97635906666667,2.413533525,2.33862305,289.973443264286,NA,NA,NA
"Barret_Site 2_Latrobea_pinnaculum_Survey 1","4/22/2020",62,231,99,141,117,2323,402,61,798,85,599,0.955,0.039,0,0,0,0,0.006,0,0,0,0,6286.7845854,0.2988,146,112,53,3459,264,55,209,113,178,190,104,430,64,12,46,176,54,68,175,2.05174764166667,1.97635906666667,2.413533525,2.33862305,289.973443264286,NA,NA,NA
"Basket_Site 1_Agrimonia_eupatoria_Survey 1","7/22/2019",67,299,117,160,257,5456,517,63,336,407,841,0.839,0.122,0.035,0.001,0,0,0.003,0,0,0,0,8188,0.7294,97,78,33,5541,229,-4,233,111,38,171,31,917,104,52,19,273,179,234,180,2.81301152380952,2.89538571666667,2.05278450654762,2.84952798333333,282.00338460119,NA,NA,NA
"Basket_Site 2_Chenopodium_album_Survey 1","7/16/2019",67,286,109,159,237,5181,522,63,358,405,965,0.884,0.096,0.019,0.001,0,0,0,0,0,0,0,8500,0.7647,90,77,33,5520,223,-9,232,103,32,165,26,952,106,57,18,278,192,238,193,2.81301152380952,2.89538571666667,2.05278450654762,2.84952798333333,282.00338460119,NA,NA,NA
"Basket_Site 2_Verbascum_lychnitis_Survey 1","7/18/2019",67,286,109,159,237,5181,522,63,358,405,965,0.849,0.133,0.014,0.002,0,0,0.002,0,0,0,0,8500,0.7647,90,77,33,5520,223,-9,232,103,32,165,26,952,106,57,18,278,192,238,193,2.81301152380952,2.89538571666667,2.05278450654762,2.84952798333333,282.00338460119,NA,NA,NA
"Bloodw_Site 1_Bouteloua_gracilis_Survey 1","7/7/2020",37,172,136,25,263,1638,266,73,362,374,186,0.079,0.914,0.001,0.006,0,0,0,0,0,0,0,4213,0.2284,76,146,31,10643,316,-146,462,133,-64,213,-64,329,65,9,62,155,33,126,33,0.831668675,1.00002035,0,0,284.126662542857,NA,NA,NA
"Bloodw_Site 1_Pascopyrum_smithii_Survey 1","7/7/2020",37,172,136,25,263,1638,266,73,362,374,186,0.078,0.904,0.002,0.016,0,0,0,0,0,0,0,4213,0.2284,76,146,31,10643,316,-146,462,133,-64,213,-64,329,65,9,62,155,33,126,33,0.831668675,1.00002035,0,0,284.126662542857,NA,NA,NA
"Bloodw_Site 1_Sphaeralcea_coccinea_Survey 1","7/7/2020",37,172,136,25,263,1638,266,73,362,374,186,0.095,0.893,0.001,0.011,0,0,0,0,0,0,0,4213,0.2284,76,146,31,10643,316,-146,462,133,-64,213,-64,329,65,9,62,155,33,126,33,0.831668675,1.00002035,0,0,284.126662542857,NA,NA,NA
"Bloodw_Site 1_Tragopogon_dubius_Survey 1","7/7/2020",37,172,136,25,263,1638,266,73,362,374,186,0.09,0.899,0.001,0.01,0,0,0,0,0,0,0,4213,0.2284,76,146,31,10643,316,-146,462,133,-64,213,-64,329,65,9,62,155,33,126,33,0.831668675,1.00002035,0,0,284.126662542857,NA,NA,NA
"Bronst_Site 1_Arctostaphylos_pungens_Survey 1","2/16/2019",30,195,134,180,180,1346,190,68,524,296,157,0.025,0.258,0.005,0.001,0,0,0.711,0,0,0,0,2482,0.2374,159,144,45,6622,327,7,320,238,191,246,78,509,92,7,60,231,35,193,132,0.767538139880952,0.806925433333333,4.80308169404762,4.80871583333333,293.164121782143,NA,NA,NA
"Bronst_Site 1_Opuntia_engelmanii_Survey 1","12/12/2019",17,146,143,229,205,880,111,76,533,262,74,0.037,0.005,0.362,0.068,0,0,0.528,0,0,0,0,2360,0.1166,203,164,47,7135,378,30,348,291,236,295,115,307,59,4,64,150,20,123,73,0.523057494047619,0.52608235,0,0,297.705976161905,NA,NA,NA
"Buckle_Site 1_Plantago_lanceolata_Survey 1","8/26/2020",84.0458758,316.2752549,86.3439872,124.1682113,230.9694161,7038.199722,541.0611677,60.9541242,377.7859129,392.2140871,1228.0926777,0.065,0.24,0.184,0.004,0.382,0,0,0.125,0,0,0,5695,0,98,68,40,3726,194,26,168,80,66,147,54,780,81,51,16,232,159,182,206,3.01967439345238,3.08203123333333,2.46557181011905,2.54689535,284.202126669048,NA,NA,NA
"Buckle_Site 2_Plantago_lanceolata_Survey 1","6/9/2020",72,306,97,167,211,7316,483,61,419,370,960,0.184,0.806,0.006,0,0,0,0,0,0.004,0,0,7617.6190015,1.5082999,99,65,40,3517,189,28,161,64,109,145,57,1097,130,60,25,367,197,208,345,3.03168741130952,3.08701578333333,2.58146376488095,2.74527995,283.201241520238,NA,NA,NA
"Buckle_Site 3_Plantago_lanceolata_Survey 1","7/29/2020",74,274,105,54,164,6308,483,53,566,270,885,0.397,0.297,0.02,0,0,0,0,0,0.286,0,0,6737,0.9036,88,80,33,5959,219,-20,239,163,42,163,11,723,80,44,18,227,140,227,160,2.93869671547619,2.99084471666667,1.89438084702381,2.40635173333333,284.160880421429,NA,NA,NA
"Burgha_Site 1_Cornus_florida_Survey 1","10/19/2020",43,307,129,36,239,4716,444,49,337,424,905,0.704,0.162,0.004,0,0.016,0,0,0.039,0.075,0,0,8678,0.8167,132,109,32,8389,304,-36,340,238,22,238,22,1068,112,71,14,310,235,310,235,0.408498133333333,0.4160156,2.85184950119048,4.10809325,287.871097822619,NA,NA,NA
"Burgha_Site 1_Liquidambar_styraciflua_Survey 1","10/19/2020",43,307,129,36,239,4716,444,49,337,424,905,0.703,0.178,0.006,0,0.012,0,0,0.042,0.059,0,0,8678,0.8167,132,109,32,8389,304,-36,340,238,22,238,22,1068,112,71,14,310,235,310,235,0.408498133333333,0.4160156,2.85184950119048,4.10809325,287.871097822619,NA,NA,NA
"Burgha_Site 1_Liriodendron_tulipifera_Survey 1","10/19/2020",43,307,129,36,239,4716,444,49,337,424,905,0.693,0.186,0.008,0,0.018,0,0,0.025,0.07,0,0,8678,0.8167,132,109,32,8389,304,-36,340,238,22,238,22,1068,112,71,14,310,235,310,235,0.408498133333333,0.4160156,2.85184950119048,4.10809325,287.871097822619,NA,NA,NA
"Bustos_Site 1_Amaranthus_sp_Survey 1","11/16/2019",32,211,132,136,99,1943,283,69,704,197,264,0.302,0.361,0.044,0.002,0,0,0.122,0,0.169,0,0,7920.7265341,0.4939,274,146,80,964,360,178,182,281,265,284,260,954,244,1,108,594,12,375,13,2.9528590672619,2.9189453,4.51641919166667,4.22729493333333,299.682116366667,NA,NA,NA
"Bustos_Site 2_Ipomoea_nil_Survey 1","11/15/2019",38,205,85,154,159,2336,292,69,619,223,245,0.353,0.33,0.014,0.08,0.052,0,0.017,0,0.154,0,0,7937,0.4859,277,145,81,881,361,183,178,284,268,286,265,953,247,1,110,598,12,371,14,2.9528590672619,2.9189453,4.51641919166667,4.22729493333333,299.682116366667,NA,NA,NA
"Bustos_Site 2_Phaseolus_lunatus_Survey 1","11/15/2019",38,205,85,154,159,2336,292,69,619,223,245,0.392,0.285,0.027,0.073,0.057,0,0.02,0,0.146,0,0,7937,0.4859,277,145,81,881,361,183,178,284,268,286,265,953,247,1,110,598,12,371,14,2.9528590672619,2.9189453,4.51641919166667,4.22729493333333,299.682116366667,NA,NA,NA
"Calixt_Site 1_Asclepias_verticillata_Survey 1","6/10/2021",54,196,131,17,302,11589,402,62,213,485,492,0.692,0.17,0.005,0,0.001,0,0,0.004,0.128,0,0,7200.9352091,0.7913,75,101,25,10029,269,-124,393,191,-61,198,-61,806,97,27,34,285,106,275,106,0.519521091666667,0.522135416666667,1.21512349940476,1.87780763333333,282.800668135714,NA,NA,NA
"Calixt_Site 1_Asclepias_verticillata_Survey 2","8/18/2021",54,196,131,17,302,11589,402,62,213,485,492,0.687,0.157,0.005,0,0,0,0,0,0.151,0,0,7972,0.7913,75,101,25,10029,269,-124,393,191,-61,198,-61,806,97,27,34,285,106,275,106,0.519521091666667,0.522135416666667,1.21512349940476,1.87780763333333,282.800668135714,NA,NA,NA
"Calixt_Site 1_Lespedeza_hirta_Survey 1","9/20/2021",54,196,131,17,302,11589,402,62,213,485,492,0.67,0.173,0.005,0,0.001,0,0,0.001,0.15,0,0,7680,0.7913,75,101,25,10029,269,-124,393,191,-61,198,-61,806,97,27,34,285,106,275,106,0.519521091666667,0.522135416666667,1.21512349940476,1.87780763333333,282.800668135714,NA,NA,NA
"Carval_Site 1_Byrsonima_intermedia_Survey 1","10/12/2020",39,88,130,10,358,1338,252,53,448,194,197,0.104,0.37,0.014,0.004,0,0,0.218,0,0.29,0,0,4323,0.9878,216,123,68,1745,292,112,180,230,193,230,188,1464,279,9,80,749,33,749,53,2.43468220654762,2.36370848333333,1.86483909583333,1.73738603333333,297.090156795238,NA,NA,NA
"Carval_Site 2_Byrsonima_verbascifolia_Survey 1","10/25/2016",55,111,127,56,376,1582,290,54,410,214,255,0.1,0.626,0,0,0,0,0.274,0,0,0,0,4585,0.9922,222,132,69,1407,301,111,190,230,208,233,199,1435,267,9,78,724,34,380,53,2.387354525,2.29359943333333,2.30513002083333,2.27524823333333,298.923118347619,NA,NA,NA
"Carval_Site 3_Cordiera_elliptica_Survey 1","10/26/2020",38,90,129,16,356,1416,252,52,460,185,220,0.197,0.345,0.01,0.001,0.01,0,0.223,0,0.214,0,0,5143,0.9878,216,123,68,1745,292,112,180,230,193,230,188,1464,279,9,80,749,33,749,53,2.43468220654762,2.36370848333333,1.86483909583333,1.73738603333333,297.090156795238,NA,NA,NA
"Castag_Site 1_Ilex_aquifolium_Survey 1","7/23/2020",58,348,128,103,216,8118,510,57,418,366,669,0.828,0.109,0.042,0,0.017,0,0,0,0.004,0,0,7731,0.8732,126,99,41,5156,257,18,239,67,191,191,59,971,108,54,20,307,190,190,283,2.6181502625,3.00982666666667,2.27162315833333,2.63468425,288.269917984524,NA,NA,NA
"Castag_Site 2_Melampyrum_pratense_Survey 1","7/22/2020",60,297,119,131,228,8915,545,60,504,267,924,0.621,0.071,0,0.167,0.141,0,0,0,0,0,0,6992,0.9087,130,89,40,4888,250,28,222,75,191,191,66,1043,121,55,23,343,196,223,313,2.379634075,2.49862246666667,3.08052090833333,3.64326235,288.49595107381,NA,NA,NA
"Castag_Site 3_Quercus_robur_Survey 1","6/3/2020",59,304,128,117,271,7324,501,57,344,385,660,0.614,0.345,0.018,0,0,0,0,0,0.023,0,0,8269,0.9077,119,105,41,5471,260,6,254,57,189,189,48,912,97,56,13,265,202,202,254,0,0,2.39143590059524,3.25276695,287.114144452381,NA,NA,NA
"Chiuff_Site 1_Taraxacum_officinale_Survey 1","3/10/2020",109,344,85,90,151,5649,754,59,544,304,1602,0.733,0.266,0.001,0,0,0,0,0,0,0,0,7278,0.9681,83,115,50,4127,215,-13,228,35,137,137,31,1204,230,38,56,553,145,145,523,2.41177731964286,2.51204138095238,4.06141951904762,4.49361743809524,280.138299107143,NA,NA,NA
"Cinogl_Site 1_Lupinus_texensis_Survey 1","5/16/2022",29,111,146,34,162,4482,288,59,608,230,545,0.608,0.248,0.067,0,0.019,0,0,0,0.058,0,0,6262,0.5213,198,128,39,6847,355,30,325,236,121,281,105,910,121,46,31,293,174,199,181,1.90508307559524,2.115153,1.87640525714286,1.98640948333333,295.278763742857,NA,NA,NA
"CintoM_Site 1_Buxus_sempervirens_Survey 1","12/19/2019",50,306,129,133,306,4334,483,71,268,425,467,0.092,0.256,0.178,0.001,0.011,0,0.002,0.012,0.448,0,0,4645.8487509,0.5727,125,88,38,5129,255,24,231,95,191,192,61,721,80,34,20,220,134,139,205,1.81571888095238,1.9509074,0.647670919047619,0.652221683333333,285.986457389286,NA,NA,NA
"CintoM_Site 1_Buxus_sempervirens_Survey 2","1/8/2020",50,306,129,133,306,4334,483,71,268,425,467,0.086,0.256,0.157,0.001,0.016,0,0.004,0.012,0.468,0,0,4763,0.5727,125,88,38,5129,255,24,231,95,191,192,61,721,80,34,20,220,134,139,205,1.81571888095238,1.9509074,0.647670919047619,0.652221683333333,285.986457389286,NA,NA,NA
"CintoM_Site 1_Buxus_sempervirens_Survey 2","1/9/2020",50,306,129,133,306,4334,483,71,268,425,467,0.084,0.248,0.169,0.003,0.006,0,0.001,0.021,0.468,0,0,4763,0.5727,125,88,38,5129,255,24,231,95,191,192,61,721,80,34,20,220,134,139,205,1.81571888095238,1.9509074,0.647670919047619,0.652221683333333,285.986457389286,NA,NA,NA
"CintoM_Site 1_Thymus_vulgaris_Survey 1","12/19/2019",48,299,132,147,299,3714,459,72,255,446,385,0.118,0.317,0.123,0.002,0.009,0,0.003,0.008,0.42,0,0,4461.5157792,0.572,125,88,38,5114,255,24,231,96,190,192,62,719,79,34,20,219,134,139,204,1.81571888095238,1.9509074,0.647670919047619,0.652221683333333,285.986457389286,NA,NA,NA
"CintoM_Site 2_Diplotaxis_erucoides_Survey 1","12/24/2019",42,290,128,117,332,3639,458,72,238,429,474,0.092,0.197,0.022,0,0,0,0.038,0,0.651,0,0,3574,0.564,124,89,38,5204,256,22,234,94,191,192,59,710,78,34,20,216,133,137,200,1.81571888095238,1.9509074,0.647670919047619,0.652221683333333,285.986457389286,NA,NA,NA
"CintoM_Site 2_Viscum_album_Survey 1","12/24/2019",44,287,122,122,323,4473,452,69,234,443,647,0.109,0.181,0.001,0,0,0,0.054,0,0.655,0,0,5520,0.5726,123,89,38,5169,255,22,233,94,190,191,60,719,78,35,20,218,135,139,202,1.81571888095238,1.9509074,0.647670919047619,0.652221683333333,285.986457389286,NA,NA,NA
"CintoM_Site 3_Opuntia_cespitosa_Survey 1","11/3/2019",52,310,126,24,106,6944,509,56,729,165,1065,0.81,0.086,0.008,0.008,0.088,0,0,0,0,0,0,5274,0.8366,88,98,27,9184,271,-83,354,196,-23,203,-34,904,99,38,21,268,156,255,171,1.10958497619048,1.3603312,2.25092714583333,2.51442465,284.114565709524,NA,NA,NA
"Cock_Site 1_Plantago_major_Survey 1","1/22/2020",35,207,130,94,168,1597,239,69,503,329,211,0.097,0.504,0.239,0.006,0,0,0.017,0,0.137,0,0,2788,0.3829,153,147,48,5678,318,16,302,216,82,227,82,634,85,18,47,240,60,224,60,2.4185682077381,2.48179987380952,1.51159015416667,1.61887325,291.042284488095,NA,NA,NA
"Cock_Site 2_Taraxacum_officinale_Survey 1","1/16/2020",36,213,121,154,150,1823,206,70,537,313,278,0.255,0.19,0.016,0,0,0,0.063,0,0.476,0,0,4507,0.3642,154,148,48,5707,320,16,304,216,83,228,83,620,82,18,46,233,59,217,59,2.4185682077381,2.48179987380952,1.51159015416667,1.61887325,291.042284488095,NA,NA,NA
"Cogni_Site 1_Crotalaria_pallida_Survey 1","10/13/2020",48,124,133,50,337,1971,318,55,531,132,246,0.313,0.246,0.119,0.01,0.005,0,0,0,0.307,0,0,4450,0.9351,196,117,63,2390,276,92,184,222,163,222,163,1305,236,27,67,642,99,642,99,2.6491088875,2.79695636666667,2.31248401071429,2.3957316,296.299833608333,NA,NA,NA
"Cogni_Site 2_Crotalaria_vitellina_Survey 1","10/27/2020",63,274,105.2511449,99,382,3460,526,51,298,320,1037.3753121,0.537,0,0.003,0.019,0.436,0,0,0.005,0,0,0,6267,0,232,93,56,2215,311,146,165,262,204,262,204,2438,302,101,39,901,313,901,313,2.07243563392857,2.10075370238095,4.5284368297619,4.70657910238095,294.954133334524,NA,NA,NA
"Cogni_Site 2_Talipariti_pernambucensis_Survey 1","10/27/2020",63.807487,256.6262622,103.5175082,88.7257823,344.959762,3561.8406604,528.3985794,51.9118833,312.3234402,342.5619505,780.4382423,0.644,0.005,0.002,0.015,0.334,0,0,0,0,0,0,8401,1.9376,232,94,57,2186,310,146,164,258,203,260,203,2449,305,100,39,908,310,907,310,2.33675928928571,2.39120627380952,3.54670060952381,3.71483792142857,294.842475217857,NA,NA,NA
"Cogni_Site 2_Tibouchina_clavata_Survey 1","10/28/2020",67,298,100,100,393,3836,529,52,301,306,1057,0.878,0.009,0,0.005,0.083,0,0,0.025,0,0,0,8715,1.9279,232,94,57,2175,310,146,164,260,203,260,203,2432,301,101,39,898,315,898,315,2.00477528452381,2.02640497142857,4.77973720297619,4.96044051190476,294.982715063095,NA,NA,NA
"Cope_Site 1_Populus_tremuloides_Survey 1","6/5/2017",58,222,134,8,312,12480,404,62,121,567,429,0.066,0.201,0.014,0,0,0,0,0.004,0.715,0,0,5680,0.7953,75,116,27,10606,283,-139,422,205,-70,205,-70,805,100,26,39,291,92,291,92,1.88194348571429,2.66534425,2.42187790297619,2.48895261666667,283.05183017619,NA,NA,NA
"Cope_Site 1_Populus_tremuloides_Survey 2","7/23/2018",58,222,134,8,312,12480,404,62,121,567,429,0.057,0.224,0.016,0,0.001,0,0,0.002,0.7,0,0,8252,0.7953,75,116,27,10606,283,-139,422,205,-70,205,-70,805,100,26,39,291,92,291,92,1.88194348571429,2.66534425,2.42187790297619,2.48895261666667,283.05183017619,NA,NA,NA
"Cope_Site 1_Populus_tremuloides_Survey 3","6/10/2019",58,222,134,8,312,12480,404,62,121,567,429,0.053,0.191,0.02,0,0,0,0,0.003,0.733,0,0,5741.5087653,0.7953,75,116,27,10606,283,-139,422,205,-70,205,-70,805,100,26,39,291,92,291,92,1.88194348571429,2.66534425,2.42187790297619,2.48895261666667,283.05183017619,NA,NA,NA
"Cope_Site 2_Populus_tremuloides_Survey 1","6/5/2017",58,222,134,8,312,12480,404,62,121,567,429,0.063,0.22,0.018,0,0.001,0,0,0.002,0.696,0,0,5680,0.7953,75,116,27,10606,283,-139,422,205,-70,205,-70,805,100,26,39,291,92,291,92,1.88194348571429,2.66534425,2.42187790297619,2.48895261666667,283.05183017619,NA,NA,NA
"Cope_Site 2_Populus_tremuloides_Survey 2","7/23/2018",58,222,134,8,312,12480,404,62,121,567,429,0.073,0.208,0.01,0,0,0,0,0.009,0.7,0,0,8252,0.7953,75,116,27,10606,283,-139,422,205,-70,205,-70,805,100,26,39,291,92,291,92,1.88194348571429,2.66534425,2.42187790297619,2.48895261666667,283.05183017619,NA,NA,NA
"Cope_Site 2_Populus_tremuloides_Survey 3","6/10/2019",58,222,134,8,312,12480,404,62,121,567,429,0.068,0.183,0.023,0,0.003,0,0,0.002,0.721,0,0,5741.5087653,0.7953,75,116,27,10606,283,-139,422,205,-70,205,-70,805,100,26,39,291,92,291,92,1.88194348571429,2.66534425,2.42187790297619,2.48895261666667,283.05183017619,NA,NA,NA
"Cornel_Site 1_Erythrochiton_brasiliensis_Survey 1","1/28/2020",50,153,110,72,443,2120,332,52,411,145,318,0.938,0.002,0.001,0,0.058,0,0,0.001,0,0,0,9124,0.9105,233,119,63,2012,320,133,187,250,205,256,205,1147,213,12,80,633,41,454,41,0.303349820833333,0.303833016666667,3.33959453333333,3.53605145,296.707957059524,NA,NA,NA
"Cornel_Site 1_Solanum_lycocarpum_Survey 1","12/6/2019",53,152,114,57,375,2908,314,51,372,252,356,0.994,0.006,0,0,0,0,0,0,0,0,0,8129,1.0492001,207,128,68,1931,289,102,187,223,180,227,179,1360,273,9,85,758,36,585,51,2.63035583333333,2.74906411666667,1.97440084166667,2.14599608333333,295.684917532143,NA,NA,NA
"Cornel_Site 1_Swietenia_macrophylla_Survey 1","7/14/2019",50,140,115,64,438,2278,314,51,428,134,311,0.439,0.414,0,0.008,0.139,0,0,0,0,0,0,7049,0.9048,233,120,64,2030,320,133,187,250,204,256,204,1143,212,12,80,630,41,453,41,0.303349820833333,0.303833016666667,3.33959453333333,3.53605145,296.707957059524,NA,NA,NA
"Cornel_Site 4_Cecropia_pachystachya_Survey 1","12/15/2019",54,155,124,62,371,2241,330,52,434,195,281,0.615,0.305,0.062,0.01,0,0,0.005,0,0.003,0,0,6120,1.0768,200,121,64,2071,284,97,187,217,171,224,171,1462,297,13,79,747,48,631,48,2.37328884107143,2.49457949761905,2.04704647619048,2.13575672142857,294.289485208333,NA,NA,NA
"Cornel_Site 5_Coccoloba_cereifera_Survey 1","11/10/2019",57,128,119,76,264,2322,359,48,450,285,497,0.209,0.771,0.006,0,0,0,0.014,0,0,0,0,4607,1.1572,186,116,65,1801,268,90,178,201,164,205,160,1581,313,10,82,850,35,630,54,2.08854167083333,2.13920085,2.1542104,2.23665363333333,294.635575665476,NA,NA,NA
"Cornel_Site 5_Trembleya_laniflora_Survey 1","11/10/2019",59,134,121,67,269,1767,330,49,472,259,459,0.044,0.939,0.008,0.008,0,0,0.001,0,0,0,0,3714,1.1672,182,115,64,1784,264,87,177,198,161,202,157,1585,302,10,81,848,35,633,54,2.08854167083333,2.13920085,2.1542104,2.23665363333333,294.635575665476,NA,NA,NA
"Crowde_Site 1_Plantago_major_Survey 1","6/15/2020",32,132,124,52,107,2765,212,70,273,620,166,0,0.488,0.029,0.026,0.042,0,0,0,0.415,0,0,2263,0.2212,91,138,38,7706,302,-56,358,-3,187,190,-7,289,41,10,38,113,35,40,102,0.534945536309524,0.540344233333333,0,0,286.318021079762,NA,NA,NA
"Crowde_Site 2_Solanum_dulcamara_Survey 1","7/29/2020",27,154,135,37,109,2873,244,74,389,502,195,0,0.171,0.025,0.021,0,0,0,0,0.783,0,0,4058,0.1473,102,132,37,7943,303,-53,356,3,197,204,-1,208,31,6,41,82,24,28,74,1.04054260714286,1.26318358333333,0,0,287.367496058333,NA,NA,NA
"Crowde_Site 3_Taraxacum_officinale_Survey 1","6/29/2020",54,228,114,14,235,4460,409,62,136,629,688,0.194,0.318,0.414,0.008,0,0,0,0,0.066,0,0,6795,0.4558,82,121,36,6948,278,-51,329,0,170,172,-5,553,72,19,37,211,70,82,194,1.19935098869048,1.82930501666667,0,0,284.151722470238,NA,NA,NA
"Crowde_Site 4_Vicia_villosa_Survey 1","7/15/2020",41,189,121,73,135,4116,374,64,411,454,498,0.445,0.107,0.434,0.014,0,0,0,0,0,0,0,4484,0.3801,87,121,34,7931,291,-59,350,-8,185,190,-13,481,67,18,38,191,63,75,173,1.16729591845238,1.53031413333333,4.80206516666667,4.8915812,284.061741732143,NA,NA,NA
"Dattil_Site 1_Heliconia_schiedeana_Survey 1","9/4/2020",81,305,82,98,295,3751,433,52,442,262,506,0.892,0.017,0.09,0,0,0,0.001,0,0,0,0,7464,1.1374,185,97,59,2083,265,101,164,199,163,207,155,1621,291,53,65,706,161,468,167,3.34476872321429,3.38484701666667,5.10056559583333,5.1092936,294.588645085714,NA,NA,NA
"Dattil_Site 1_Palicourea_padifolia_Survey 1","9/3/2020",86,301,85,110,268,3989,452,52,459,273,452,0.777,0.027,0.193,0.003,0,0,0,0,0,0,0,7739,1.1418,185,97,59,2071,266,103,163,199,163,207,155,1620,290,53,65,705,162,468,167,3.34476872321429,3.38484701666667,5.10056559583333,5.1092936,294.588645085714,NA,NA,NA
"Dattil_Site 1_Piper_auritum_Survey 1","9/2/2020",80,304,83,112,283,3771,439,53,453,264,509,0.834,0.024,0.141,0.001,0,0,0,0,0,0,0,7739,1.1418,185,97,59,2071,266,103,163,199,163,207,155,1620,290,53,65,705,162,468,167,3.34476872321429,3.38484701666667,5.10056559583333,5.1092936,294.588645085714,NA,NA,NA
"Dattil_Site 2_Taraxacum_officinale_Survey 1","9/11/2020",63,266,92.1221082,81,277,3264,382,57,459,264,412.7231781,0.454,0.052,0.475,0.004,0,0,0.002,0,0.013,0,0,5043,1.1059,192,102,60,2137,277,107,170,209,169,215,162,1774,322,53,68,794,164,510,170,3.34476872321429,3.38484701666667,5.10056559583333,5.1092936,294.588645085714,NA,NA,NA
"Davis_Site 1_Brassica_oleracea_Survey 1","8/15/2019",62,275,119,86,241,7205,505,58,269,489,963,0.767,0.159,0.014,0,0,0,0,0,0.06,0,0,8696,0.9028,80,119,31,8992,273,-99,372,171,-29,193,-39,900,97,49,19,268,163,267,166,0,0,2.53294881130952,4.22052001666667,282.557157291667,NA,NA,NA
"Davis_Site 1_Solanum_carolinense_Survey 1","8/3/2019",62,275,117,78,234,6596,510,58,263,503,1083,0.8,0.149,0.003,0,0,0,0,0,0.048,0,0,8661,0.9238,78,118,31,8977,269,-101,370,168,-32,190,-41,909,98,49,19,271,163,270,167,0,0,2.53294881130952,4.22052001666667,282.557157291667,NA,NA,NA
"Davis_Site 1_Taraxacum_officinale_Survey 1","8/16/2019",56,259,129,66,311,6025,450,65,189,500,616,0.288,0.345,0.299,0.002,0,0,0,0,0.066,0,0,6108,0.8816,79,113,30,8987,268,-97,365,192,-30,192,-39,911,98,50,19,271,164,271,167,0,0,2.42983499880952,3.9925944,282.803831259524,NA,NA,NA
"Davis_Site 2_Physalis_heterophylla_Survey 1","7/17/2019",62,272,132,63,280,6826,464,61,232,487,712,0.568,0.309,0.009,0.003,0,0,0,0,0.111,0,0,8795,0.9263,79,114,31,8947,268,-98,366,169,-31,191,-40,923,98,52,18,271,169,271,174,0,0,2.48460388214286,4.11547851666667,282.727993246429,NA,NA,NA
"Davis_Site 3_Plantago_lanceolata_Survey 1","6/25/2020",66,413,115,87,204,7666,558,53,274,522,1336,0.717,0.237,0.002,0,0,0,0,0,0.044,0,0,8568.675842,0.9691,76,114,30,8991,266,-102,368,167,-34,188,-44,943,99,54,17,277,176,274,180,0,0,2.53697203214286,4.24460853333333,282.760478311905,NA,NA,NA
"Dole_Site 1_Abutilon_theophrasti_Survey 1","7/31/2018",48,164,139,100,149,8229,411,57,647,204,454,0.44,0.279,0.014,0,0.011,0,0,0.009,0.247,0,0,7560,0.8178,88,113,29,9751,288,-99,387,200,-29,209,-43,914,98,39,23,277,148,273,155,2.94212486607143,2.97631836666667,1.55272784940476,2.50140381666667,284.009125897619,NA,NA,NA
"Dole_Site 1_Acer_campestre_Survey 1","7/26/2018",51,209,131,99,180,8189,426,60,576,244,760,0.439,0.14,0.007,0,0.238,0,0,0,0.176,0,0,8312,0.8159,88,113,29,9752,288,-99,387,200,-29,209,-43,913,98,39,24,277,147,273,154,2.94212486607143,2.97631836666667,1.55272784940476,2.50140381666667,284.009125897619,NA,NA,NA
"Dole_Site 1_Circaea_lutetiana_Survey 1","7/26/2018",51,209,131,99,180,8189,426,60,576,244,760,0.444,0.126,0.013,0,0.21,0,0,0,0.207,0,0,8312,0.8159,88,113,29,9752,288,-99,387,200,-29,209,-43,913,98,39,24,277,147,273,154,2.94212486607143,2.97631836666667,1.55272784940476,2.50140381666667,284.009125897619,NA,NA,NA
"Dole_Site 1_Pilea_pumila_Survey 1","9/15/2018",62,235,123,41,216,19841,388,58,420,364,948,0.818,0.14,0.03,0,0.006,0,0,0.002,0.004,0,0,8035,0.7509,81,109,28,9625,278,-103,381,201,-47,201,-47,782,88,35,25,241,127,241,127,2.87715075952381,2.94565836666667,1.30306062678571,1.96799725,283.922626039286,NA,NA,NA
"Dole_Site 2_Ratibida_pinnata_Survey 1","8/16/2018",47,182,136,100,151,7854,424,61,594,256,530,0.53,0.163,0.036,0.005,0.128,0,0,0.011,0.127,0,0,8431,0.8196,88,113,29,9713,288,-99,387,199,-29,209,-42,912,98,39,24,277,147,273,154,2.94212486607143,2.97631836666667,1.55272784940476,2.50140381666667,284.009125897619,NA,NA,NA
"Dole_Site 3_Sassafras_albidum_Survey 1","9/28/2018",54,275,120,41,231,15494,424,57,382,387,836,0.905,0.074,0.009,0,0,0,0,0.006,0.006,0,0,8440,0.7628,81,110,28,9618,277,-104,381,200,-48,200,-48,782,87,35,25,240,127,240,127,2.0072225,2.0101318,1.19590251547619,1.91298423333333,283.966008352381,NA,NA,NA
"Dole_Site 4_Cypripedium_acaule_Survey 1","8/27/2020",51,159,124,56,172,8783,454,60,566,263,921,0.79,0.08,0.097,0.008,0.001,0,0,0.001,0.023,0,0,7789.1232135,0.8239,89,111,28,9687,285,-98,383,199,-28,209,-41,918,95,41,22,278,154,276,160,1.83785284702381,2.33825681666667,3.67724026964286,4.00494385,283.964867758333,NA,NA,NA
"Dole_Site 5_Drosera_capillaris_Survey 1","11/1/2020",33,218,128,41,17,10642,295,54,967,16,409,0.764,0.207,0.022,0,0,0,0,0.007,0,0,0,6049,0.7018,222,133,54,4125,335,89,246,270,177,270,165,1253,213,44,59,590,144,538,159,2.49162438214286,2.6210327,2.12007721904762,2.21398926666667,297.731604171429,NA,NA,NA
"Dole_Site 6_Euphorbia_corollata_Survey 1","8/12/2020",47,176,124,68,213,7475,493,55,385,402,634,0.907,0.044,0.002,0,0.031,0,0,0.016,0,0,0,8977.1418611,0.8406,85,112,29,9644,282,-101,383,195,-32,204,-45,906,100,39,23,274,150,269,157,2.77527291904762,2.88861083333333,2.08921595714286,2.89560951666667,283.90240234881,NA,NA,NA
"Dole_Site 7_Ginkgo_biloba_Survey 1","8/24/2020",53,201,134,113,174,7702,454,61,574,252,607,0.452,0.109,0.013,0,0.279,0,0,0,0.147,0,0,7373,0.8159,88,113,29,9752,288,-99,387,200,-29,209,-43,913,98,39,24,277,147,273,154,2.94212486607143,2.97631836666667,1.55272784940476,2.50140381666667,284.009125897619,NA,NA,NA
"Dole_Site 7_Oxalis_stricta_Survey 1","8/20/2020",49,195,124,96,173,8604,426,55,589,238,854,0.526,0.143,0.023,0,0.173,0,0,0.012,0.123,0,0,7517,0.8159,88,113,29,9752,288,-99,387,200,-29,209,-43,913,98,39,24,277,147,273,154,2.94212486607143,2.97631836666667,1.55272784940476,2.50140381666667,284.009125897619,NA,NA,NA
"Dole_Site 8_Mitella_diphylla_Survey 1","8/25/2020",43,200,125,59,221,9809,399,56,496,283,627,0.757,0.19,0.005,0,0.013,0,0,0.018,0.017,0,0,8837,0.8112,86,114,29,9682,285,-102,387,197,-31,206,-44,889,98,38,24,271,144,267,149,0,0,1.40366109047619,2.3684082,283.956014130952,NA,NA,NA
"Egbon_Site 1_Alternanthera_sessilis_Survey 1","5/20/2020",36,127,131,26,129,2261,276,52,791,80,301,0.875,0.094,0.015,0,0,0,0.016,0,0,0,0,4679,1.2736,259,91,73,1081,326,203,123,243,263,272,243,1836,312,9,65,808,68,300,808,2.75316365833333,2.74967448333333,3.5128231797619,3.12512496904762,300.029037471429,NA,NA,NA
"Egbon_Site 2_Combretum_hispidium_Survey 1","3/17/2020",32,105,131,42,125,1950,257,52,802,73,249,0.901,0.061,0.019,0,0,0,0.019,0,0,0,0,5081,1.2831,258,91,73,1097,325,202,123,241,262,271,241,1843,314,9,66,811,68,301,811,2.75316365833333,2.74967448333333,3.5128231797619,3.12512496904762,300.029037471429,NA,NA,NA
"Egbon_Site 2_Emilia_praetermissa_Survey 1","8/3/2020",32,114,130,31,135,1816,257,53,809,57,250,0.887,0.08,0.021,0,0,0,0.012,0,0,0,0,1216,1.2867,258,91,73,1088,325,202,123,242,262,271,242,1843,314,9,66,812,68,301,812,2.75316365833333,2.74967448333333,3.5128231797619,3.12512496904762,300.029037471429,NA,NA,NA
"Egbon_Site 2_Landolphia_dulcis_Survey 1","5/20/2020",29,122,130,21,140,1998,237,59,796,64,249,0.926,0.036,0.014,0,0,0,0.024,0,0,0,0,7167,1.2898999,259,90,73,1084,325,203,122,243,263,271,243,1849,314,9,66,815,68,302,815,2.75316365833333,2.74967448333333,3.5128231797619,3.12512496904762,300.029037471429,NA,NA,NA
"Egbon_Site 2_Melanthera_scandens_Survey 1","3/27/2020",32,115,133,32,128,1946,268,52,801,71,261,0.895,0.074,0.017,0,0,0,0.014,0,0,0,0,4924,1.2831,258,91,73,1097,325,202,123,241,262,271,241,1843,314,9,66,811,68,301,811,2.75316365833333,2.74967448333333,3.5128231797619,3.12512496904762,300.029037471429,NA,NA,NA
"Egbon_Site 2_Triclisia_gilletii_Survey 1","8/3/2020",32,114,133,31,135,1816,257,53,809,57,261,0.871,0.077,0.037,0,0,0,0.015,0,0,0,0,1216,1.2867,258,91,73,1088,325,202,123,242,262,271,242,1843,314,9,66,812,68,301,812,2.75316365833333,2.74967448333333,3.5128231797619,3.12512496904762,300.029037471429,NA,NA,NA
"Eisenr_Site 1_Plantago_lanceolata_Survey 1","7/30/2020",77,349,121,62,313,9771,651,58,336,351,612,0.587,0.136,0.192,0.002,0,0,0,0,0.083,0,0,6794,1.3312,86,76,30,6236,225,-28,253,165,16,165,5,1133,138,70,26,396,213,396,218,2.87035043988095,3.14351403333333,2.19237554107143,2.86004636666667,283.151396682143,NA,NA,NA
"Eisenr_Site 2_Salvia_pratensis_Survey 1","7/26/2020",61,340,123,82,247,9028,579,56,381,372,659,0.584,0.091,0.32,0,0.002,0,0,0,0.003,0,0,7262.5424685,1.1441,90,80,30,6414,232,-27,259,171,19,171,6,1061,124,62,25,365,197,365,206,2.95355152380952,3.07641601666667,2.15468851369048,3.05393473333333,283.010519252381,NA,NA,NA
"Eisenr_Site 3_Taraxacum_officinale_Survey 1","7/23/2020",75,333,122,83,321,6527,650,64,333,346,571,0.582,0.142,0.183,0,0,0,0,0,0.093,0,0,6767,1.3312,86,76,30,6236,225,-28,253,165,16,165,5,1133,138,70,26,396,213,396,218,2.87035043988095,3.14351403333333,2.19237554107143,2.86004636666667,283.151396682143,NA,NA,NA
"Ejomah_Site 1_Alternanthera_brasiliana_Survey 1","6/16/2020",39,107,128,65,186,2812,334,52,722,92,324,0.995,0.001,0,0,0,0,0.004,0,0,0,0,8329,1.4486001,263,86,74,1048,327,211,116,248,267,275,248,2074,346,11,66,914,81,325,914,1.90552557440476,1.82211451428571,4.93307205416667,4.67682756666667,300.033875420238,NA,NA,NA
"Ejomah_Site 1_Chromolaena_odorata_Survey 1","6/21/2020",39,107,128,65,186,2812,334,52,722,92,324,0.997,0.002,0,0,0,0,0.001,0,0,0,0,8329,1.4486001,263,86,74,1048,327,211,116,248,267,275,248,2074,346,11,66,914,81,325,914,1.90552557440476,1.82211451428571,4.93307205416667,4.67682756666667,300.033875420238,NA,NA,NA
"Ejomah_Site 1_Pouzolzia_guineensis_Survey 1","6/21/2020",39,107,128,65,186,2812,334,52,722,92,324,0.998,0.001,0,0,0,0,0.001,0,0,0,0,8329,1.4486001,263,86,74,1048,327,211,116,248,267,275,248,2074,346,11,66,914,81,325,914,1.90552557440476,1.82211451428571,4.93307205416667,4.67682756666667,300.033875420238,NA,NA,NA
"Ejomah_Site 1_Sida_acuta_Survey 1","6/17/2020",39,107,128,65,186,2812,334,52,722,92,324,0.995,0,0,0,0,0,0.005,0,0,0,0,8329,1.4486001,263,86,74,1048,327,211,116,248,267,275,248,2074,346,11,66,914,81,325,914,1.90552557440476,1.82211451428571,4.93307205416667,4.67682756666667,300.033875420238,NA,NA,NA
"Elderd_Site 1_Arnica_cordifolia_Survey 1","7/30/2021",61,296,108,157,249,7855,471,59,274,477,1598,0.4,0.542,0.011,0.036,0,0,0,0,0.003,0.008,0,7360,0.4312,11,177,40,8920,231,-210,441,-107,53,122,-107,538,59,29,19,163,101,125,163,0,0,1.732013525,2.28440348333333,275.542102271429,NA,NA,NA
"Elderd_Site 1_Plantago_lanceolata_Survey 1","9/5/2020",47,308,126,44,231,4739,438,53,408,362,633,0.536,0.418,0.015,0,0.005,0,0,0.001,0.025,0,0,8119,1.1701,129,146,43,7071,294,-44,338,49,137,218,35,1495,159,97,12,426,324,368,398,0,0,3.17827277916667,4.96175128333333,286.033212544048,NA,NA,NA
"Elderd_Site 2_Frasera_speciosa_Survey 1","7/29/2020",52,347,103,205,232,8556,439,55,356,412,1643,0.875,0.07,0,0.007,0,0,0,0,0,0.048,0,5877,0.4669,-10,156,39,8120,189,-204,393,90,22,94,-111,606,61,34,16,170,125,154,159,1.21487427083333,1.22255453333333,1.58941795238095,2.17016601666667,274.856492901191,NA,NA,NA
"Elderd_Site 2_Helianthella_quinquenervis_Survey 1","7/27/2020",52,347,109,205,232,8556,439,55,356,412,1459,0.857,0.09,0,0.004,0,0,0,0,0,0.049,0,6583.147499,0.4669,-10,156,39,8120,189,-204,393,90,22,94,-111,606,61,34,16,170,125,154,159,1.21487427083333,1.22255453333333,1.58941795238095,2.17016601666667,274.856492901191,NA,NA,NA
"Endara_Site 1_Mimosa_albida_Survey 1","10/23/2020",100,236,112.3045233,116,240,5042,533,58,403,357,533.5281706,0.329,0.05,0.61,0.003,0,0,0.006,0,0.002,0,0,4610,0.8866,139,129,90,161,210,67,143,140,137,140,137,1269,187,22,45,487,109,420,109,1.83091662440476,1.83369953333333,5.15111360595238,5.16294353333333,286.626751890476,NA,NA,NA
"Endara_Site 2_Oreopanax_palamophyllus_Survey 1","10/3/2020",79,254,110,118,259,4924,535,59,431,310,842,0.228,0.448,0.007,0.001,0,0,0.076,0,0.24,0,0,5131,0.7385,127,120,88,152,195,60,135,127,125,128,125,1002,150,18,51,417,70,390,70,2.38082957083333,2.69805906666667,0.4000244,0.4000244,288.877483489286,NA,NA,NA
"Endara_Site 3_Palicourea_sp_Survey 1","10/26/2020",109,266,89,82,331,5795,661,51,344,325,892,0.997,0.003,0,0,0,0,0,0,0,0,0,1427,1.7338001,171,114,86,180,236,104,132,172,169,173,169,1930,295,49,53,848,212,776,212,1.78785995714286,1.71788096428571,1.721120175,1.72072345,291.530499158333,NA,NA,NA
"Endara_Site 4_Piper_tridentipilum_Survey 1","10/9/2020",54,273,104,39,401,5389,564,46,282,317,575,0.977,0.002,0,0,0.021,0,0,0,0,0,0,8362,2.8,249,96,84,469,308,195,113,246,252,254,242,3208,331,201,15,958,650,764,842,0,0,4.75634402321429,5.22902425,298.318459863095,NA,NA,NA
"Endara_Site 5_Plantago_lanceolata_Survey 1","10/11/2020",81.669502,240.6318583,113.2212038,95.7891111,309.8850656,4279.7389898,492.661453,60.1874802,373.1939123,316.8053847,475.3549577,0.252,0.085,0.571,0.01,0,0,0.001,0,0.081,0,0,2307,0.9386,134,129,90,111,205,63,142,135,133,135,133,1458,206,27,43,565,139,501,139,2.6583448077381,2.5984904,3.1264764672619,3.08188885,287.37541359881,NA,NA,NA
"Endara_Site 5_Taraxacum_officinale_Survey 1","10/7/2020",80.51327,238.6113527,115,102.1144594,312.3117344,4252.5045269,488.1969643,60.1675839,369.8600657,317.7963341,417,0.224,0.092,0.594,0.018,0,0,0,0,0.072,0,0,2307,0.9382,133,128,90,142,204,62,142,134,131,134,131,1459,205,27,43,564,140,501,140,2.6583448077381,2.5984904,3.1264764672619,3.08188885,287.37541359881,NA,NA,NA
"Endara_Site 6_Plantago_major_Survey 1","10/15/2020",66,351,110,145,218,5275,434,66,463,319,593,0.123,0.636,0.218,0.008,0,0,0.013,0,0.002,0,0,4698.6033185,0.453,148,118,80,743,225,78,147,151,154,154,136,511,61,29,22,168,101,101,114,1.26257759642857,1.31113688333333,5.99613444583333,5.99873861666667,286.831928041667,NA,NA,NA
"Eubank_Site 1_Croton_capitatus_Survey 1","9/27/2019",42.8277557,181.7855304,150.6302801,20.8149845,199.4920932,2638.3999198,324.2324897,63.5399686,379.589315,420.8256829,347.283765,0.024,0.356,0.603,0.009,0.001,0,0,0,0.007,0,0,3361,0.5867,199,121,38,6779,354,42,312,236,283,283,109,1009,126,54,24,308,202,202,226,1.55318777440476,1.89101151666667,0.5361328,0.5361328,295.224711933333,NA,NA,NA
"Eubank_Site 2_Monarda_punctata_Survey 1","6/15/2020",33,199,151,7,216,4008,297,56,453,330,331,0.549,0.286,0.156,0.001,0.008,0,0,0,0,0,0,6683,0.596,200,120,38,6823,354,42,312,237,284,284,108,1003,126,54,24,308,201,201,224,1.48602585059524,1.81288655,1.84876941785714,1.86533611666667,295.141245427381,NA,NA,NA
"Eubank_Site 2_Solanum_elaeagnifolium_Survey 1","9/18/2020",32,187,151,53,179,4028,324,62,398,423,283,0.241,0.354,0.401,0.003,0.001,0,0,0,0,0,0,5120,0.6113,198,121,38,6783,354,40,314,235,282,282,107,1021,126,55,24,309,207,207,229,1.55318777440476,1.89101151666667,0.5361328,0.5361328,295.224711933333,NA,NA,NA
"Farias_Site 1_Blechnum_occidentale_Survey 1","10/22/2020",57,191,112,149,244,3806,390,52,499,257,588,0.711,0.288,0,0.001,0,0,0,0,0,0,0,7388,0.6837,225,90,69,1353,293,164,129,209,232,239,205,1016,169,19,59,448,71,221,400,2.86033848333333,2.81786528333333,1.7118784547619,1.40211992619048,299.026615183333,NA,NA,NA
"Farias_Site 1_Danaea_geniculata_Survey 1","10/22/2020",56,184,117,123,230,3107,390,52,517,253,538,0.779,0.209,0,0.002,0.005,0,0,0.001,0.004,0,0,7388,0.6765,223,89,69,1333,290,162,128,207,229,237,203,1006,167,18,59,444,70,220,397,2.86033848333333,2.81786528333333,1.7118784547619,1.40211992619048,299.026615183333,NA,NA,NA
"Farias_Site 1_Diplazium_cristatum_Survey 1","10/22/2020",56,184,116,123,230,3107,390,52,517,253,534,0.751,0.243,0,0,0.004,0,0,0.002,0,0,0,7388,0.6765,223,89,69,1333,290,162,128,207,229,237,203,1006,167,18,59,444,70,220,397,2.86033848333333,2.81786528333333,1.7118784547619,1.40211992619048,299.026615183333,NA,NA,NA
"Farias_Site 1_Meniscium_macrophyllum_Survey 1","10/22/2020",37,155,124,155,207,2474,271,59,608,185,391,0.055,0.186,0,0.002,0,0,0.745,0,0.012,0,0,3827,0.4997,238,92,70,1342,307,176,131,234,245,252,218,834,129,14,60,350,58,197,306,1.42301068869048,1.35634648571429,2.24780346011905,2.03459821190476,299.83452782619,NA,NA,NA
"Farias_Site 1_Neoblechnum_brasiliense_Survey 1","9/18/2020",53,139,120,88,340,2175,391,50,447,213,323,0.884,0.095,0,0,0,0,0,0,0.021,0,0,7338,1.3327,241,62,67,1006,286,194,92,232,245,252,227,2108,318,48,56,928,174,431,617,1.18786766190476,1.18459648095238,2.25177293333333,2.01215761666667,299.387332347619,NA,NA,NA
"Fernan_Site 1_Amorphophallus_commutatus_Survey 1","9/30/2020",54,224,139,177,355,2703,312,63,386,258,296,0.554,0.158,0.106,0.004,0.069,0,0.004,0.001,0.104,0,0,2277,1.5355,272,75,58,1217,331,202,129,269,263,289,259,2736,924,0,139,2228,0,892,10,2.53128922916667,2.4199393,2.19385056369048,2.12032645238095,301.734459295238,NA,NA,NA
"Fernan_Site 2_Coccoloba_cereifera_Survey 1","10/27/2020",54,142,123,77,286,2034,335,50,422,292,475,0.056,0.779,0.009,0.014,0,0,0.142,0,0,0,0,3980,1.1256,189,117,65,1814,271,92,179,204,166,209,163,1565,317,9,82,847,33,626,52,2.08854167083333,2.13920085,2.1542104,2.23665363333333,294.635575665476,NA,NA,NA
"Fernan_Site 2_Miconia_albicans_Survey 1","10/24/2020",54,142,124,77,286,2034,335,50,422,292,486,0.042,0.786,0.013,0.008,0,0,0.151,0,0,0,0,3980,1.1056,192,117,65,1815,274,94,180,207,170,211,165,1556,323,9,83,847,32,622,51,2.08854167083333,2.13920085,2.1542104,2.23665363333333,294.635575665476,NA,NA,NA
"Fernan_Site 2_Myrsine_guianensis_Survey 1","10/23/2020",51,146,124,82,283,2190,322,50,418,299,475,0.04,0.817,0.01,0.003,0,0,0.13,0,0,0,0,3980,1.1256,189,117,65,1814,271,92,179,204,166,209,163,1565,317,9,82,847,33,626,52,2.08854167083333,2.13920085,2.1542104,2.23665363333333,294.635575665476,NA,NA,NA
"Ferran_Site 1_Lantana_camara_Survey 1","9/30/2020",60,255,129,109,267,4481,531,61,361,372,629,0.321,0.119,0.253,0.004,0.259,0,0,0,0.044,0,0,4263,0.7267,174,49,37,2830,249,117,132,141,206,214,141,1079,149,33,46,418,113,144,418,0,0,2.82048034761905,2.73773195,290.973116036905,NA,NA,NA
"Ferran_Site 1_Salpichroa_origanifolia_Survey 1","10/1/2020",68.4762675,236.9679524,123.2089508,128.6773299,266.9733803,4609.4192747,554.3106017,62.6318859,383.0583786,349.9262039,669.6280998,0.327,0.075,0.032,0.001,0.565,0,0,0,0,0,0,4210.4583476,0.7189,174,49,37,2818,249,117,132,141,206,214,141,1075,148,33,45,416,112,144,416,0,0,2.82048034761905,2.73773195,290.973116036905,NA,NA,NA
"Ferran_Site 2_Myrica_faya_Survey 1","3/19/2020",56.1158459,250.4221315,128.3689997,122.2113634,279.6546738,4385.3743302,518.1036829,61.8267415,365.3165774,355.2897848,523.0018135,0.137,0.262,0.004,0.011,0.467,0,0,0,0.119,0,0,8036,0.7091,174,49,36,2827,249,116,133,141,206,214,141,1083,151,33,46,424,111,142,424,0,0,2.99427651071429,2.89461263333333,291.286155877381,NA,NA,NA
"Ferran_Site 2_Trifolium_repens_Survey 1","3/20/2020",62,274,127,133,284,4643,530,62,359,357,660,0.768,0.118,0.049,0,0.018,0,0,0,0.047,0,0,8317.072292,0.7593,165,49,36,2874,242,108,134,132,198,206,132,1139,157,36,45,441,122,153,441,0,0,2.82048034761905,2.73773195,290.973116036905,NA,NA,NA
"Ferran_Site 3_Plantago_lanceolata_Survey 1","3/8/2020",64.173407,234.1859795,126.6494417,127.0729049,266.35709,4364.3449457,539.8197423,63.4484839,391.0126893,342.8542291,643.1883312,0.285,0.096,0.291,0.006,0.299,0,0,0,0.023,0,0,6588.9633461,0.7267,174,49,37,2830,249,117,132,141,206,214,141,1079,149,33,46,418,113,144,418,0,0,2.82048034761905,2.73773195,290.973116036905,NA,NA,NA
"Ferran_Site 3_Tradescantia_fluminensis_Survey 1","3/8/2020",67,232,125,129,266,4422,545,63,393,342,634,0.356,0.099,0.168,0.01,0.365,0,0,0,0.002,0,0,6609.8932308,0.7189,174,49,37,2818,249,117,132,141,206,214,141,1075,148,33,45,416,112,144,416,0,0,2.82048034761905,2.73773195,290.973116036905,NA,NA,NA
"Forist_Site 1_Draba_asterophora_Survey 1","10/12/2020",46,238,101,238,71,3662,376,55,689,240,786,0.411,0.304,0,0.284,0,0,0,0,0,0.001,0,2689,0.6735,19,127,43,5970,189,-106,295,-32,99,101,-46,1022,165,18,64,465,72,75,436,1.26464117380952,1.3398641,3.15202114047619,3.35135905,280.503225172619,NA,NA,NA
"Forist_Site 1_Plantago_lanceolata_Survey 1","8/31/2020",70,386,94,239,161,5544,548,56,497,342,1003,0.885,0.053,0.053,0.009,0,0,0,0,0,0,0,5992,1.0009,79,137,44,6132,260,-48,308,11,160,162,11,1580,287,7,78,783,46,51,783,1.17203776666667,1.17830403333333,2.43146259583333,3.02514648333333,282.965873288095,NA,NA,NA
"Forist_Site 2_Grindelia_squarrosa_Survey 1","7/2/2019",38,159,143,219,120,4080,276,69,612,267,257,0.229,0.492,0.247,0.023,0.002,0,0.007,0,0,0,0,3224,0.1492,96,176,45,7106,313,-71,384,9,190,190,9,270,46,8,53,118,28,28,118,0.542334436904762,0.562967966666667,4.89135378690476,4.92036946666667,284.422578158333,NA,NA,NA
"Forist_Site 2_Grindelia_squarrosa_Survey 2","7/23/2019",38,159,143,219,120,4080,276,69,612,267,257,0.24,0.515,0.211,0.022,0.002,0,0.01,0,0,0,0,3596,0.1492,96,176,45,7106,313,-71,384,9,190,190,9,270,46,8,53,118,28,28,118,0.542334436904762,0.562967966666667,4.89135378690476,4.92036946666667,284.422578158333,NA,NA,NA
"Forist_Site 2_Grindelia_squarrosa_Survey 3","8/26/2019",38,159,143,219,120,4080,276,69,612,267,257,0.241,0.495,0.23,0.021,0.005,0,0.008,0,0,0,0,3345,0.1492,96,176,45,7106,313,-71,384,9,190,190,9,270,46,8,53,118,28,28,118,0.542334436904762,0.562967966666667,4.89135378690476,4.92036946666667,284.422578158333,NA,NA,NA
"Forist_Site 2_Typha_latifolia_Survey 1","8/18/2020",37,182,144,146,125,2116,161,74,582,293,110,0.081,0.563,0.223,0.073,0,0,0.06,0,0,0,0,1897,0.1301,97,174,45,7224,315,-71,386,9,193,193,9,226,38,8,49,95,28,28,95,0.525076745238095,0.5334066,0,0,286.960342954762,NA,NA,NA
"Forist_Site 5_Mentzelia_laevicaulis_Survey 1","8/5/2020",31,172,142,236,138,2740,221,70,622,239,165,0.112,0.639,0.182,0.048,0.005,0,0.014,0,0,0,0,2903,0.1559,94,176,45,7114,311,-74,385,7,188,188,7,279,48,8,53,122,29,29,122,0.542334436904762,0.562967966666667,4.89135378690476,4.92036946666667,284.422578158333,NA,NA,NA
"Frago_Site 1_Cistus_monspeliensis_Survey 1","11/6/2020",47,279,125,162,273,3893,451,72,288,440,604,0.605,0.164,0.029,0,0,0,0.078,0,0.124,0,0,6442,0.462,136,102,37,5853,284,12,272,144,213,213,62,748,103,26,30,244,118,118,203,2.41354952083333,2.58742268333333,2.35057066845238,2.4440104,289.095198363095,NA,NA,NA
"Frago_Site 1_Erica_multiflora_Survey 1","11/6/2020",47,279,125,162,273,3893,451,72,288,440,604,0.64,0.134,0.041,0.001,0,0,0.079,0,0.105,0,0,6442,0.462,136,102,37,5853,284,12,272,144,213,213,62,748,103,26,30,244,118,118,203,2.41354952083333,2.58742268333333,2.35057066845238,2.4440104,289.095198363095,NA,NA,NA
"Frago_Site 1_Phillyrea_angustifolia_Survey 1","11/6/2020",47,279,125,162,273,3893,451,72,288,440,604,0.619,0.153,0.039,0,0,0,0.086,0,0.103,0,0,6442,0.462,136,102,37,5853,284,12,272,144,213,213,62,748,103,26,30,244,118,118,203,2.41354952083333,2.58742268333333,2.35057066845238,2.4440104,289.095198363095,NA,NA,NA
"Frago_Site 1_Rosmarinus_officinalis_Survey 1","11/6/2020",47,279,125,162,273,3893,451,72,288,440,604,0.663,0.129,0.034,0,0,0,0.069,0,0.105,0,0,6442,0.462,136,102,37,5853,284,12,272,144,213,213,62,748,103,26,30,244,118,118,203,2.41354952083333,2.58742268333333,2.35057066845238,2.4440104,289.095198363095,NA,NA,NA
"Franca_Site 1_Griselinia_littoralis_Survey 1","10/21/2020",86,319,90,94,223,4874,625,62,533,243,740,0.422,0.225,0.278,0.002,0.011,0,0.002,0,0.06,0,0,6701,0.5867,118,95,47,3753,220,18,202,74,117,164,68,614,65,39,16,183,131,132,175,2.44569542142857,2.50126429285714,4.26956178333333,4.27050781666667,286.395710202381,NA,NA,NA
"Franca_Site 1_Plagianthus_regius_Survey 1","11/1/2020",86,319,90,94,223,4874,625,62,533,243,740,0.436,0.22,0.263,0.003,0.01,0,0.003,0,0.065,0,0,6503,0.5867,118,95,47,3753,220,18,202,74,117,164,68,614,65,39,16,183,131,132,175,2.44569542142857,2.50126429285714,4.26956178333333,4.27050781666667,286.395710202381,NA,NA,NA
"Franca_Site 1_Plantago_lanceolata_Survey 1","10/16/2020",87,270,86,89,229,5055,629,56,540,231,964,0.498,0.04,0,0.16,0.301,0,0.001,0,0,0,0,6856,0.5961,115,94,47,3736,215,15,200,64,114,161,64,674,69,46,12,190,152,152,190,2.31273903928571,2.33022051190476,2.9814453,2.9814453,285.618824384524,NA,NA,NA
"Getman_Site 1_Aralia_nudicaulis_Survey 1","6/16/2020",59,378,120,42,229,7486,466,53,271,500,1327,0.534,0.117,0.005,0,0.001,0,0,0.005,0.338,0,0,7485,0.975,78,109,30,9062,267,-96,363,192,-33,192,-41,957,101,55,17,277,176,277,185,0,0,2.47584534047619,4.10939533333333,282.530227403571,NA,NA,NA
"Getman_Site 1_Clintonia_borealis_Survey 1","6/17/2020",59,378,118,42,229,7486,466,53,271,500,1270,0.543,0.12,0.004,0,0.003,0,0,0.001,0.329,0,0,8545,0.975,78,109,30,9062,267,-96,363,192,-33,192,-41,957,101,55,17,277,176,277,185,0,0,2.47584534047619,4.10939533333333,282.530227403571,NA,NA,NA
"Getman_Site 1_Sarracenia_purpurea_Survey 1","6/17/2020",59,378,118,42,229,7486,466,53,271,500,1270,0.568,0.109,0.004,0,0.006,0,0,0.002,0.311,0,0,8545,0.975,78,109,30,9062,267,-96,363,192,-33,192,-41,957,101,55,17,277,176,277,185,0,0,2.47584534047619,4.10939533333333,282.530227403571,NA,NA,NA
"Getman_Site 2_Apocynum_cannabinum_Survey 1","7/27/2020",54,390,129,26,147,8495,510,56,440,412,887,0.613,0.332,0.009,0,0,0,0,0,0.046,0,0,8547.6914495,0.9845,95,120,31,9145,288,-91,379,188,-15,210,-27,1110,110,74,10,309,243,294,246,2.59509421904762,2.64506021666667,3.20557875535714,5.01680501666667,283.77696502619,NA,NA,NA
"Getman_Site 2_Arctium_minus_Survey 1","9/3/2019",56,247,124,73,310,6822,441,61,160,531,650,0.262,0.465,0.206,0,0,0,0,0,0.067,0,0,7537,0.8816,79,113,30,8987,268,-97,365,192,-30,192,-39,911,98,50,19,271,164,271,167,0,0,2.42983499880952,3.9925944,282.803831259524,NA,NA,NA
"Getman_Site 2_Fraxinus_nigra_Survey 1","9/3/2019",67,405,113,67,232,7663,525,51,296,472,2023,0.713,0.255,0,0,0.007,0,0,0,0.025,0,0,8544,1.0074,71,111,30,8988,259,-106,365,163,-38,183,-48,966,101,56,17,282,181,279,187,0,0,2.53697203214286,4.24460853333333,282.760478311905,NA,NA,NA
"Getman_Site 3_Bidens_frondosa_Survey 1","7/26/2020",57,360,124,28,199,9570,476,49,426,375,1030,0.583,0.164,0.065,0.001,0.026,0,0,0.002,0.159,0,0,7891.323908,0.9768,96,120,31,9123,288,-91,379,188,-14,210,-26,1106,109,74,10,308,243,294,245,2.59509421904762,2.64506021666667,3.20557875535714,5.01680501666667,283.77696502619,NA,NA,NA
"Getman_Site 4_Circaea_lutetiana_Survey 1","7/7/2020",60,292,124,93,244,6924,512,55,260,496,825,0.66,0.277,0.004,0,0,0,0,0,0.059,0,0,8643,0.9224,75,115,31,9007,266,-103,369,166,-35,188,-44,916,100,49,20,273,163,273,167,0,0,2.40270996547619,3.91739908333333,282.743845240476,NA,NA,NA
"Getman_Site 4_Eurybia_macrophylla_Survey 1","7/2/2020",53,334,108,74,203,7913,495,51,326,472,1108,0.937,0.063,0,0,0,0,0,0,0,0,0,9119,0.9616,66,113,30,9017,255,-112,367,158,-44,179,-53,939,104,51,20,282,167,280,172,0,0,2.36368305714286,3.81105548333333,282.643876710714,NA,NA,NA
"Getman_Site 4_Lysimachia_borealis_Survey 1","7/3/2020",55,342,103,83,190,7908,496,52,374,437,1198,0.976,0.024,0,0,0,0,0,0,0,0,0,9182,0.9461,70,115,31,8986,261,-108,369,161,-40,182,-49,921,102,49,20,277,163,275,168,0,0,2.50376674821429,4.10347493333333,282.630204995238,NA,NA,NA
"Getman_Site 4_Maianthemum_racemosum_Survey 1","7/7/2020",60,292,124,93,244,6924,512,55,260,496,825,0.66,0.271,0.008,0,0,0,0,0,0.061,0,0,8643,0.9224,75,115,31,9007,266,-103,369,166,-35,188,-44,916,100,49,20,273,163,273,167,0,0,2.40270996547619,3.91739908333333,282.743845240476,NA,NA,NA
"Getman_Site 5_Lythrum_salicaria_Survey 1","10/4/2020",49,387,124,58,160,9648,546,55,423,417,1242,0.795,0.193,0.001,0,0,0,0,0.003,0.008,0,0,8221,0.9927,95,119,31,9106,286,-91,377,187,-15,209,-27,1111,110,74,10,310,244,295,246,2.94393556607143,3.009257,3.47019739404762,5.14133706666667,283.808401210714,NA,NA,NA
"Getman_Site 7_Rudbeckia_laciniata_Survey 1","6/18/2020",55,234,118,61,222,7098,444,58,260,518,752,0.398,0.264,0.292,0.002,0.019,0,0,0,0.025,0,0,7148,0.8783,80,113,31,8965,269,-95,364,193,-29,193,-38,911,98,50,19,271,164,271,167,0.184519454166667,0.186157216666667,2.43423971428571,3.99310303333333,283.209378454762,NA,NA,NA
"Getman_Site 7_Sanguinaria_canadensis_Survey 1","6/18/2020",54,243,118,72,226,7011,436,58,270,505,752,0.411,0.238,0.312,0,0.015,0,0,0,0.024,0,0,7687,0.8783,80,113,31,8965,269,-95,364,193,-29,193,-38,911,98,50,19,271,164,271,167,0.184519454166667,0.186157216666667,2.43423971428571,3.99310303333333,283.209378454762,NA,NA,NA
"Gianol_Site 1_Alstroemeria_pulchra_Survey 1","10/22/2020",34,176,127,162,133,2356,392,73,686,181,370,0.078,0.219,0.088,0.181,0.001,0,0.432,0,0.001,0,0,3494,0.0774,148,83,54,2380,226,73,153,118,179,179,118,87,23,0,106,62,0,0,62,1.27841332261905,1.26247734047619,0,0,294.573468785714,NA,NA,NA
"Gianol_Site 1_Pasithea_caerulea_Survey 1","10/10/2020",32,174,132,150,132,2470,400,72,680,187,365,0.078,0.235,0.101,0.209,0,0,0.376,0,0.001,0,0,3655,0.0774,148,83,54,2380,226,73,153,118,179,179,118,87,23,0,106,62,0,0,62,1.27841332261905,1.26247734047619,0,0,294.573468785714,NA,NA,NA
"Gianol_Site 1_Stachys_grandidentata_Survey 1","9/29/2020",36,168,132,164,131,2516,405,72,677,192,368,0.147,0.235,0.101,0.16,0,0,0.346,0,0.011,0,0,3899.9648771,0.0747,150,80,53,2317,226,77,149,121,180,180,121,84,22,0,101,60,0,0,60,1.27841332261905,1.26247734047619,0,0,294.573468785714,NA,NA,NA
"Gooden_Site 1_Acacia_implexa_Survey 1","5/23/2020",47,202,113,100,150,2486,397,58,611,239,373,0.301,0.64,0.049,0.003,0,0,0,0,0.007,0,0,6588.3768949,0.4575,127,131,46,5211,277,-3,280,123,93,194,60,672,71,43,13,195,145,164,153,2.09033129285714,2.0613781047619,2.63194492559524,2.62238421904762,286.905831311905,NA,NA,NA
"Gooden_Site 2_Brachychiton_populneus_Survey 1","10/10/2020",49,230,115,82,165,2376,380,59,578,257,319,0.576,0.232,0.185,0.003,0.001,0,0,0,0.003,0,0,6008,0.4517,128,131,46,5178,278,-3,281,124,94,194,61,660,69,41,13,192,141,163,147,2.09033129285714,2.0613781047619,2.63194492559524,2.62238421904762,286.905831311905,NA,NA,NA
"Gooden_Site 3_Solanum_cinereum_Survey 1","5/24/2020",33,228,112,96,95,2687,364,52,721,185,393,0.719,0.199,0.069,0.004,0.009,0,0,0,0,0,0,5899.0141121,0.4381,127,131,46,5136,276,-3,279,124,69,193,61,646,69,40,14,187,131,164,136,2.682657875,2.68345131666667,1.64030965,1.64593505,286.162791628571,NA,NA,NA
"Gooden_Site 4_Taraxacum_officinale_Survey 1","10/19/2020",38.2805553,222.2082322,119.5357464,84.293952,133.7730317,2053.987574,366.774585,59.4633531,599.1474614,267.0795068,279.4398523,0.327,0.324,0.329,0.017,0.003,0,0,0,0,0,0,4992,0.4485,129,132,46,5252,280,-2,282,126,94,196,61,652,68,40,13,190,138,163,144,2.09033129285714,2.0613781047619,2.63194492559524,2.62238421904762,286.905831311905,NA,NA,NA
"Gossne_Site 1_Fagus_sylvatica_Survey 1","7/11/2012",77,400,95,127,322,8497,577,55,143,535,1095,0.757,0.165,0.001,0,0,0,0,0,0.077,0,0,8066.7192232,1.223,74,85,32,6401,217,-44,261,155,3,155,-9,933,112,56,25,320,175,320,187,2.96210153869048,3.02335613333333,1.90260751845238,2.86643475,282.391098029762,NA,NA,NA
"Gossne_Site 1_Fagus_sylvatica_Survey 2","6/29/2015",77,400,95,127,322,8497,577,55,143,535,1095,0.78,0.165,0,0,0,0,0,0,0.055,0,0,8713,1.223,74,85,32,6401,217,-44,261,155,3,155,-9,933,112,56,25,320,175,320,187,2.96210153869048,3.02335613333333,1.90260751845238,2.86643475,282.391098029762,NA,NA,NA
"Greig_Site 1_Ageratina_havanensis_Survey 1","12/23/2020",38,210,154,37,327,3602,299,61,296,378,329,0.673,0.297,0.026,0.002,0,0,0,0,0.002,0,0,4220,0.4891,199,125,39,6841,355,35,320,238,123,283,107,857,115,40,32,282,164,186,170,1.4375930202381,1.75732423333333,0,0,295.693159811905,NA,NA,NA
"Greig_Site 1_Diospyros_texana_Survey 1","12/23/2020",36,222,152,16,310,5217,292,62,309,381,440,0.695,0.279,0.023,0,0.001,0,0,0,0.002,0,0,4220,0.4901,199,124,38,6827,355,35,320,237,123,283,107,858,115,40,32,282,164,186,170,1.4375930202381,1.75732423333333,0,0,295.693159811905,NA,NA,NA
"Greig_Site 1_Nandina_domestica_Survey 1","12/22/2020",38,210,154,37,327,3602,299,61,296,378,329,0.643,0.324,0.026,0,0,0,0,0,0.007,0,0,4220,0.4891,199,125,39,6841,355,35,320,238,123,283,107,857,115,40,32,282,164,186,170,1.4375930202381,1.75732423333333,0,0,295.693159811905,NA,NA,NA
"Gripen_Site 1_Impatiens_parviflora_Survey 1","8/6/2020",69,298,96,144,294,6192,611,60,287,420,798,0.297,0.537,0.057,0,0,0,0,0,0.109,0,0,6508,0.844,95,75,36,4669,209,2,207,71,59,155,37,652,65,39,14,187,134,162,163,2.51866440357143,2.61153158333333,1.93334016071429,2.04366048333333,284.394978582143,NA,NA,NA
"Gripen_Site 2_Galium_verum_Survey 1","7/6/2021",72,308,99,143,326,7117,599,60,316,358,802,0.236,0.687,0.061,0.001,0.015,0,0,0,0,0,0,8338,0.7399,99,75,36,4633,212,7,205,74,62,159,41,618,61,37,13,175,126,156,153,2.22050329583333,2.38081866666667,2.21207392440476,2.26888021666667,284.293838558333,NA,NA,NA
"Gripen_Site 3_Trifolium_repens_Survey 1","6/16/2021",75,292,98,146,365,6568,623,52,267,368,983,0.769,0.184,0,0,0,0,0,0,0.047,0,0,8385,0.8696,93,74,35,4687,207,0,207,68,56,153,34,657,65,39,14,189,135,162,164,2.22050329583333,2.38081866666667,2.21207392440476,2.26888021666667,284.293838558333,NA,NA,NA
"Gripen_Site 4_Plantago_lanceolata_Survey 1","8/3/2020",67,294,92,142,282,5687,570,58,323,395,967,0.389,0.488,0.109,0,0,0,0,0,0.014,0,0,7186,0.8218,95,75,36,4682,209,3,206,70,58,156,37,652,65,40,13,186,135,162,164,2.51866440357143,2.61153158333333,1.93334016071429,2.04366048333333,284.394978582143,NA,NA,NA
"Gripen_Site 5_Pulicaria_dysenterica_Survey 1","7/30/2020",67.0641377,302.6414632,88.292706,141.5542936,296.9267245,6190.4776455,576.3080626,56.2829841,287.3384451,416.0358594,919.4363137,0.475,0.336,0.189,0,0,0,0,0,0,0,0,7123,0.7704,99,75,36,4639,213,7,206,75,62,159,41,626,62,38,13,178,129,157,156,2.51866440357143,2.61153158333333,1.93334016071429,2.04366048333333,284.394978582143,NA,NA,NA
"Gripen_Site 6_Heracleum_sphondylium_Survey 1","6/20/2022",67,274,102,154,254,6705,584,54,394,352,1021,0.561,0.124,0.304,0,0.011,0,0,0,0,0,0,6797,0.8225,98,77,35,5051,218,-2,220,42,61,162,33,717,74,46,15,214,154,163,190,2.5548858797619,2.7177124,2.07221330952381,2.21555581666667,284.600210086905,NA,NA,NA
"Groent_Site 1_Celmisia_discolor_Survey 1","3/20/2020",130,348,86,157,283,7128,695,52,407,309,1741,0.5,0.448,0,0.041,0,0,0.008,0,0,0,0.003,6356.7786915,3.6666,54,90,44,3836,163,-39,202,50,101,102,3,3181,316,163,14,899,655,692,798,1.89682370119048,2.17378451904762,1.45620799880952,1.47645206428571,281.099672425,NA,NA,NA
"Groent_Site 2_Olearia_paniculata_Survey 1","12/7/2020",103,303,86,124,211,5885,692,54,602,187,1333,0.791,0.194,0,0,0,0,0.015,0,0,0,0,7595,0.8727,100,94,46,3778,204,2,202,49,147,147,49,819,100,49,22,267,162,162,267,2.2168906125,2.28484525,0,0,286.484805140476,NA,NA,NA
"Groent_Site 3_Plantago_major_Survey 1","3/11/2020",87,308,91,108,202,4472,603,66,585,213,707,0.078,0.565,0.029,0.001,0,0,0,0,0.327,0,0,6531,0.5346,117,95,47,3744,219,17,202,67,116,164,67,635,68,39,14,185,139,143,185,2.03558641488095,2.05451023809524,0,0,286.399545232143,NA,NA,NA
"Groent_Site 4_Ranunculus_haastii_Survey 1","3/18/2020",112,332,89,161,257,4873,737,57,448,295,1344,0.387,0.573,0,0.002,0,0,0.01,0,0.028,0,0,4929,1.1301,87,92,46,3784,190,-10,200,45,133,134,36,1222,119,70,13,340,258,262,333,1.7890704922619,2.17261324285714,0,0,282.727430386905,NA,NA,NA
"Groent_Site 4_Raoulia_eximia_Survey 1","3/18/2020",122,317,87,146,319,6168,732,55,435,246,1706,0.052,0.418,0,0.512,0,0,0.018,0,0,0,0,4518,1.4399,54,92,44,3941,164,-41,205,29,101,102,1,2180,212,115,14,606,447,467,582,1.59430004166667,1.9377761,0,0,282.403581328571,NA,NA,NA
"Groent_Site 4_Stellaria_roughii_Survey 1","3/18/2020",126,279,87,140,305,5956,721,55,441,254,1561,0.111,0.491,0,0.37,0,0,0.028,0,0,0,0,4518,1.4399,54,92,44,3941,164,-41,205,29,101,102,1,2180,212,115,14,606,447,467,582,1.59430004166667,1.9377761,0,0,282.403581328571,NA,NA,NA
"GrofTi_Site 1_Betula_pubescens_Survey 1","8/14/2020",83.7274748,330.150558,71.7348895,156.1495987,93.900985,9310.7310311,544.4032428,53.6700124,626.710091,279.3993355,1971.5953864,0.447,0.339,0.007,0,0.195,0,0,0.012,0,0,0,8116,1.9335999,43,53,28,4857,147,-41,188,52,55,108,-12,1224,170,60,30,427,198,254,291,0.576749527380952,0.705200183333333,4.07296825833333,4.34615073333333,278.577628558333,NA,NA,NA
"Haack_Site 1_Geranium_palustre_Survey 1","8/15/2020",43.399334,294.5559499,131.5917166,77.6539081,254.3079625,7609.4349019,427.1905006,62.1745097,406.2341189,339.3631806,675.4349804,0.236,0.231,0.509,0,0.002,0,0,0,0.022,0,0,4531,0.6033,89,81,31,6644,233,-28,261,174,13,174,3,526,62,30,24,181,97,181,101,2.41916838571429,2.58158366666667,2.01487079345238,2.1537679,284.359880152381,NA,NA,NA
"Haack_Site 2_Rumex_sanguineus_Survey 1","6/28/2020",41,310,123.6719862,85,243,6615,429,61,394,363,625.3356662,0.488,0.192,0.301,0,0.015,0,0,0,0.004,0,0,6826,0.6168,89,81,31,6632,232,-28,260,173,13,173,3,529,62,30,24,182,98,182,101,2.21406046547619,2.40470378333333,2.1459234375,2.23425291666667,284.366037383333,NA,NA,NA
"Haack_Site 3_Trifolium_repens_Survey 1","9/13/2020",43.399334,294.5559499,131.5917166,77.6539081,254.3079625,7609.4349019,427.1905006,62.1745097,406.2341189,339.3631806,675.4349804,0.197,0.281,0.499,0.001,0,0,0,0.001,0.021,0,0,4585.0214656,0.6033,89,81,31,6644,233,-28,261,174,13,174,3,526,62,30,24,181,97,181,101,2.41916838571429,2.58158366666667,2.01487079345238,2.1537679,284.359880152381,NA,NA,NA
"Haack_Site 4_Urtica_dioica_Survey 1","10/24/2020",40,270,136,70,267,6317,368,67,223,509,529,0.042,0.034,0,0,0,0,0,0,0.924,0,0,7126,0.6162,87,81,31,6546,231,-27,258,171,13,171,4,529,64,30,25,184,97,184,100,2.57901581666667,2.70528156666667,1.89198958035714,2.06903078333333,284.390408242857,NA,NA,NA
"Hahn_Site 1_Balsamorhiza_sagittata_Survey 1","6/19/2019",44,196,124,170,207,2680,339,67,302,492,403,0.033,0.967,0,0,0,0,0,0,0,0,0,5648,0.2831,51,146,38,7784,269,-109,378,89,5,153,-47,403,50,26,23,127,82,108,101,1.30396378988095,1.59073893333333,4.46084304880952,4.68471273333333,280.273390813095,NA,NA,NA
"Hahn_Site 1_Taraxacum_officinale_Survey 1","9/6/2020",43.399334,294.5559499,131.5917166,77.6539081,254.3079625,7609.4349019,427.1905006,62.1745097,406.2341189,339.3631806,675.4349804,0.234,0.242,0.496,0.001,0.005,0,0,0,0.022,0,0,3873,0.6033,89,81,31,6644,233,-28,261,174,13,174,3,526,62,30,24,181,97,181,101,2.41916838571429,2.58158366666667,2.01487079345238,2.1537679,284.359880152381,NA,NA,NA
"Hahn_Site 2_Balsamorhiza_sagittata_Survey 1","6/20/2019",46,194,121,154,215,3157,341,68,308,477,350,0.051,0.949,0,0,0,0,0,0,0,0,0,5170,0.2974,56,143,37,7964,273,-106,379,95,10,159,-46,404,50,26,24,127,82,107,104,1.18282717619048,1.57574463333333,4.52806817380952,4.7445882,281.047286935714,NA,NA,NA
"Hahn_Site 3_Erigeron_strigosus_Survey 1","7/9/2019",81,241,138,3,333,13138,426,68,165,503,473,0.336,0.071,0.019,0,0.003,0,0,0,0.571,0,0,5963,0.8497,83,102,26,9848,272,-115,387,204,-51,204,-51,865,101,30,32,296,120,296,120,2.38520522083333,2.62204996666667,1.6427372625,1.9801636,283.553246103571,NA,NA,NA
"Hahn_Site 4_Euphorbia_esula_Survey 1","6/3/2020",46,200,121,167,226,2946,343,68,305,469,346,0.091,0.906,0,0.003,0,0,0,0,0,0,0,4709,0.2921,57,142,37,8000,276,-104,380,97,12,162,-44,395,50,25,24,125,80,106,100,1.18282717619048,1.57574463333333,4.52806817380952,4.7445882,281.047286935714,NA,NA,NA
"Hahn_Site 5_Monarda_fistulosa_Survey 1","7/23/2019",45,197,118,153,201,2949,343,69,314,485,361,0.054,0.943,0,0.003,0,0,0,0,0,0,0,4677,0.2921,57,142,37,8000,276,-104,380,97,12,162,-44,395,50,25,24,125,80,106,100,1.18282717619048,1.57574463333333,4.52806817380952,4.7445882,281.047286935714,NA,NA,NA
"Hahn_Site 6_Monarda_fistulosa_Survey 1","8/24/2020",51,191,131,18,277,12023,383,61,204,519,492,0.657,0.2,0.005,0,0.001,0,0,0,0.137,0,0,8269,0.7913,75,101,25,10029,269,-124,393,191,-61,198,-61,806,97,27,34,285,106,275,106,0.519521091666667,0.522135416666667,1.21512349940476,1.87780763333333,282.800668135714,NA,NA,NA
"Hahn_Site 7_Plantago_lanceolata_Survey 1","6/28/2020",41,310,123.6719862,85,243,6615,429,61,394,363,625.3356662,0.461,0.203,0.314,0,0.02,0,0,0,0.002,0,0,6826,0.6168,89,81,31,6632,232,-28,260,173,13,173,3,529,62,30,24,182,98,182,101,2.21406046547619,2.40470378333333,2.1459234375,2.23425291666667,284.366037383333,NA,NA,NA
"Hahn_Site 8_Plantago_lanceolata_Survey 1","9/19/2020",54,274,113,139,207,5684,420,53,109,684,767,0.447,0.125,0.13,0,0.009,0,0,0,0.289,0,0,5960,1.2046,88,74,31,5807,217,-15,232,163,47,163,15,866,85,58,12,240,184,240,222,2.5872185125,2.93229166666667,2.26759773809524,2.4567057,283.881681860714,NA,NA,NA
"Hahn_Site 9_Solidago_missouriensis_Survey 1","8/16/2019",58,198,136,9,299,10035,372,63,119,581,362,0.064,0.072,0.016,0,0,0,0,0,0.848,0,0,8270,0.7882,75,116,27,10608,282,-140,422,205,-70,205,-70,805,101,26,39,294,92,294,92,1.79687354166667,2.49965411666667,2.19747780654762,2.42207846666667,283.177282316667,NA,NA,NA
"Hahn_Site 9_Solidago_speciosa_Survey 1","9/24/2019",59,199,136,5,304,10120,372,64,108,589,362,0.072,0.069,0.012,0.001,0,0,0,0,0.846,0,0,8559,0.7882,75,116,27,10608,282,-140,422,205,-70,205,-70,805,101,26,39,294,92,294,92,1.79687354166667,2.49965411666667,2.19747780654762,2.42207846666667,283.177282316667,NA,NA,NA
"Haq_Site 1_Plantago_major_Survey 1","7/24/2021",43,209,132,145,273,4427,401,70,243,484,353,0.136,0.082,0.04,0.001,0,0,0,0,0.741,0,0,5935,0.5162,142,114,37,7439,296,-9,305,94,99,233,41,832,147,29,57,396,117,129,210,1.82060895357143,2.3147583,2.43293326607143,2.53885905,282.61078417619,NA,NA,NA
"Haq_Site 2_Plantago_major_Survey 1","8/8/2021",54,232,124,120,316,4490,433,69,281,403,381,0.487,0.265,0.006,0,0,0,0,0,0.242,0,0,6537,0.596,121,101,34,7252,268,-24,292,71,84,210,23,829,124,24,44,332,104,197,188,1.41964719940476,2.02884926666667,2.36429995357143,2.40881346666667,280.327335288095,NA,NA,NA
"Haq_Site 3_Plantago_major_Survey 1","7/14/2021",51,197,128,140,305,4333,413,70,274,422,418,0.236,0.086,0.085,0.002,0,0,0,0,0.591,0,0,5554,0.5331,133,107,36,7221,282,-14,296,85,94,222,35,806,131,25,49,351,108,162,193,1.41964719940476,2.02884926666667,2.36429995357143,2.40881346666667,280.327335288095,NA,NA,NA
"Helms_Site 1_Chamaecrista_fasciculata_Survey 1","8/2/2020",33,199,151,7,216,4008,297,56,453,330,331,0.589,0.249,0.157,0.003,0.002,0,0,0,0,0,0,7574,0.596,200,120,38,6823,354,42,312,237,284,284,108,1003,126,54,24,308,201,201,224,1.48602585059524,1.81288655,1.84876941785714,1.86533611666667,295.141245427381,NA,NA,NA
"Helms_Site 1_Croton_capitatus_Survey 1","6/15/2020",33,199,151,7,216,4008,297,56,453,330,331,0.563,0.252,0.175,0.002,0.006,0,0,0,0.002,0,0,6683,0.596,200,120,38,6823,354,42,312,237,284,284,108,1003,126,54,24,308,201,201,224,1.48602585059524,1.81288655,1.84876941785714,1.86533611666667,295.141245427381,NA,NA,NA
"Helms_Site 1_Cucurbita_foetidissima_Survey 1","7/24/2020",38,203,148,80,331,4799,322,69,320,348,421,0.549,0.277,0.044,0.022,0.001,0,0,0,0.107,0,0,5226,0.4411,199,122,38,6926,355,36,319,238,122,284,107,824,111,40,32,273,159,180,165,1.40043422738095,1.66025798333333,2.4073588,2.40934243333333,295.628609075,NA,NA,NA
"Helms_Site 2_Rumex_crispus_Survey 1","2/27/2020",38,172,151,12,225,2878,296,63,374,401,365,0.156,0.35,0.457,0.007,0,0,0,0,0.03,0,0,3797,0.5862,199,120,38,6797,354,42,312,236,283,283,109,1004,126,54,24,308,201,201,224,1.48602585059524,1.81288655,1.84876941785714,1.86533611666667,295.141245427381,NA,NA,NA
"Helms_Site 2_Vicia_sativa_Survey 1","2/27/2020",38,172,151,12,225,2878,296,63,374,401,365,0.177,0.358,0.439,0.005,0,0,0,0,0.021,0,0,3797,0.5862,199,120,38,6797,354,42,312,236,283,283,109,1004,126,54,24,308,201,201,224,1.48602585059524,1.81288655,1.84876941785714,1.86533611666667,295.141245427381,NA,NA,NA
"Hennec_Site 1_Taraxacum_officinale_Survey 1","9/13/2020",74,305,112,89,224,7504,396,51,408,368,823,0.692,0.225,0.042,0,0.013,0,0,0,0.028,0,0,6997.5390995,0.5633,91,81,31,6624,235,-25,260,176,15,176,6,506,60,29,25,175,92,175,96,2.40543184404762,2.55804445,1.99674841369048,2.13057453333333,284.40145712619,NA,NA,NA
"Hennec_Site 2_Taraxacum_officinale_Survey 1","9/13/2020",52,297,115,100,235,7121,379,52,399,366,879,0.7,0.287,0.011,0,0.002,0,0,0,0,0,0,7500.1571997,0.5476,91,81,31,6590,234,-24,258,176,16,176,7,501,60,28,25,173,90,173,95,2.60401479107143,2.7098592,1.85569110416667,2.0274048,284.426239528571,NA,NA,NA
"Hennec_Site 3_Taraxacum_officinale_Survey 1","9/20/2020",54,274,113,139,207,5684,420,53,109,684,767,0.45,0.132,0.116,0,0.004,0,0,0,0.298,0,0,5960,1.2046,88,74,31,5807,217,-15,232,163,47,163,15,866,85,58,12,240,184,240,222,2.5872185125,2.93229166666667,2.26759773809524,2.4567057,283.881681860714,NA,NA,NA
"Herman_Site 1_Helianthus_annuus_Survey 1","7/22/2020",50,387,139,39,245,6786,513,53,361,394,646,0.356,0.159,0.017,0,0,0,0,0,0.468,0,0,7640,0.9031,94,113,31,8835,280,-81,361,184,-24,204,-24,985,104,63,15,296,195,285,195,2.6572745375,2.96590171666667,3.73067945654762,4.86240641666667,283.903729207143,NA,NA,NA
"Herman_Site 2_Plantago_major_Survey 1","7/16/2020",48.8025861,312.1835903,131.1388417,61.801227,205.3656661,6328.5501495,528.521415,55.5212597,218.4688386,576.4004582,852.6075386,0.574,0.171,0.25,0.003,0.002,0,0,0,0,0,0,7771,0.8851,98,117,31,8922,289,-79,368,190,-21,210,-21,986,106,61,16,300,197,290,197,2.58929008988095,3.18404136666667,4.38786679166667,5.1539917,283.623039145238,NA,NA,NA
"Holesk_Site 1_Lupinus_argenteus_Survey 1","8/11/2020",52,235,124,107,216,3027,347,62,322,461,450,0.853,0.144,0.003,0,0,0,0,0,0,0,0,5310.56703,0.3572,55,156,45,6790,243,-102,345,141,81,145,-27,606,82,15,38,211,72,175,173,2.89729962738095,2.90134683333333,2.1013263422619,2.21759031666667,282.365301907143,NA,NA,NA
"Holesk_Site 2_Mimulus_guttatus_Survey 1","7/23/2019",48,205,117,108,166,7362,394,63,423,411,626,0.816,0.052,0,0,0,0,0.132,0,0,0,0,5417,0.3181,118,161,45,7111,310,-44,354,206,148,212,31,569,70,11,37,181,64,145,168,1.972168,1.972168,1.7767980625,1.92474365,284.657031582143,NA,NA,NA
"Holesk_Site 2_Mimulus_verbanaceus_Survey 1","7/28/2019",48,205,117,108,166,7362,394,63,423,411,626,0.833,0.05,0,0,0,0,0.117,0,0,0,0,5649.506471,0.3181,118,161,45,7111,310,-44,354,206,148,212,31,569,70,11,37,181,64,145,168,1.972168,1.972168,1.7767980625,1.92474365,284.657031582143,NA,NA,NA
"Holm_Site 1_Acer_platanoides_Survey 1","9/5/2020",69,418,74,97,183,10599,659,60,439,377,1358,0.099,0.19,0.002,0,0,0,0,0,0.709,0,0,6962,0.8682,46,69,22,8457,211,-100,311,104,-22,156,-61,626,78,29,31,218,98,195,116,2.66602289583333,2.82655845,2.79775273630952,3.83658853333333,280.4842549,NA,NA,NA
"Holm_Site 1_Hepatica_nobilis_Survey 1","8/24/2020",69,418,74,97,183,10599,659,60,439,377,1358,0.117,0.187,0,0,0,0,0,0,0.696,0,0,6875,0.8682,46,69,22,8457,211,-100,311,104,-22,156,-61,626,78,29,31,218,98,195,116,2.66602289583333,2.82655845,2.79775273630952,3.83658853333333,280.4842549,NA,NA,NA
"Holm_Site 1_Plantago_major_Survey 1","9/7/2020",69,418,81,97,183,10599,659,60,439,377,937,0.14,0.186,0.002,0,0,0,0,0,0.672,0,0,6962,0.8682,46,69,22,8457,211,-100,311,104,-22,156,-61,626,78,29,31,218,98,195,116,2.66602289583333,2.82655845,2.79775273630952,3.83658853333333,280.4842549,NA,NA,NA
"Holm_Site 1_Tussilago_farfara_Survey 1","9/6/2020",56,405,74,88,179,10305,648,65,448,372,1358,0.108,0.211,0.002,0,0,0,0,0,0.679,0,0,6962,0.8682,46,69,22,8457,211,-100,311,104,-22,156,-61,626,78,29,31,218,98,195,116,2.66602289583333,2.82655845,2.79775273630952,3.83658853333333,280.4842549,NA,NA,NA
"Holm_Site 2_Achillea_ptarmica_Survey 1","8/19/2020",84,531,71,96,266,12655,640,48,386,348,1909,0.43,0.049,0.087,0,0.358,0,0,0.06,0.016,0,0,7913,0.9121,25,78,21,9482,213,-143,356,132,-48,150,-97,616,82,30,32,220,97,214,115,0.0600586,0.0600586,0.0797642273809524,0.106628416666667,280.061100620238,NA,NA,NA
"Hutchi_Site 1_Cyperus_esculentus_Survey 1","11/2/2019",36,147,129,16,271,1320,236,63,526,203,173,0.364,0.472,0,0.029,0,0,0.07,0.001,0.064,0,0,3085,0.5985,251,132,62,2665,347,136,211,277,223,277,211,1041,211,12,88,607,54,607,66,2.2341512,1.95969643333333,0.508107541666667,0.507710816666667,299.991405730952,NA,NA,NA
"Hutchi_Site 1_Heliotropium_indicum_Survey 1","11/1/2019",36,182,131,18,273,1468,253,63,527,200,186,0.095,0.471,0,0,0,0,0.101,0.181,0.152,0,0,3728.7035227,0.5698,251,133,62,2664,348,136,212,276,224,276,212,1034,210,12,87,605,53,605,65,2.2341512,1.95969643333333,0.508107541666667,0.507710816666667,299.991405730952,NA,NA,NA
"Jackso_Site 1_Jacobaea_vulgaris_Survey 1","10/23/2020",77,320,101,146,313,6956,599,59,309,379,844,0.198,0.748,0.04,0,0.013,0,0,0,0.001,0,0,6562,0.7398,99,75,36,4651,212,6,206,74,62,159,41,617,60,37,13,175,126,156,152,2.22050329583333,2.38081866666667,2.21207392440476,2.26888021666667,284.293838558333,NA,NA,NA
"Jackso_Site 2_Taraxacum_officinale_Survey 1","9/1/2020",81,294,81,105,204,5792,609,57,440,356,857,0.292,0.383,0.033,0,0,0,0,0,0.292,0,0,7802,0.9733,94,69,36,4471,198,9,189,70,59,153,39,826,81,52,15,240,162,214,205,2.11717152083333,2.32476806666667,2.4051375577381,2.42671713333333,283.317409255952,NA,NA,NA
"Jackso_Site 3_Viburnum_lantana_Survey 1","10/16/2020",77,315,109,150,311,7415,557,64,322,367,664,0.308,0.542,0.134,0,0.011,0,0,0.005,0,0,0,4225,0.7454,99,75,36,4638,212,7,205,74,62,159,41,620,61,37,13,175,128,156,153,2.22050329583333,2.38081866666667,2.21207392440476,2.26888021666667,284.293838558333,NA,NA,NA
"Kalske_Site 1_Chamaenerion_angustifolium_Survey 1","8/13/2019",79,462,83,102,308,9087,650,59,346,346,874,0.502,0.152,0.152,0.001,0,0,0,0.002,0.191,0,0,6367.9168866,0.9582,51,76,24,7979,217,-90,307,143,37,157,-48,653,77,34,27,211,107,192,152,2.40981255416667,2.60245768333333,2.82057189285714,3.51936846666667,280.573861859524,NA,NA,NA
"Kalske_Site 1_Cirsium_arvense_Survey 1","8/13/2019",79,462,83,102,308,9087,650,59,346,346,874,0.523,0.157,0.142,0.001,0.001,0,0,0.002,0.174,0,0,6375.7075005,0.9582,51,76,24,7979,217,-90,307,143,37,157,-48,653,77,34,27,211,107,192,152,2.40981255416667,2.60245768333333,2.82057189285714,3.51936846666667,280.573861859524,NA,NA,NA
"Kalske_Site 1_Vincetoxicum_hirundinaria_Survey 1","8/27/2019",91.9943973,427.5547315,77.527915,125.9042036,329.0505214,8331.0244511,622.1563249,56.8754777,349.4521342,321.327288,1168.2764023,0.444,0.086,0.207,0.004,0.249,0,0,0.008,0.002,0,0,4997,0.9437,52,75,24,7866.2754301,216,-87,303,106,37,156,-45,653.1159482,76,33,27,209,107,185,156.1159482,2.59247407142857,2.71018473333333,2.78916784345238,3.41367591666667,280.666985210714,NA,NA,NA
"Kalske_Site 3_Lupinus_polyphyllus_Survey 1","8/12/2019",82,420,68,103,281,9863,638,52,366,354,1524,0.639,0.083,0.018,0,0,0,0,0,0.26,0,0,7278.2928083,0.9551,51,76,24,7999,216,-92,308,143,-15,157,-48,635,76,33,29,209,104,191,142,2.06790233988095,2.43507893333333,3.66392808869048,4.17631023333333,280.466705469048,NA,NA,NA
"Kalske_Site 4_Taraxacum_officinale_Survey 1","6/16/2020",87,384,78,111,356,7860,578,60,363,281,1125,0.487,0.178,0.007,0,0.218,0,0,0.035,0.075,0,0,6760,0.9342,53,75,24,7911,217,-87,304,107,39,158,-45,662,77,34,27,210,109,187,160,2.46695235892857,2.76153563333333,4.58401489345238,4.78110758333333,280.902096005952,NA,NA,NA
"Karban_Site 1_Alcea_rosea_Survey 1","5/15/2020",45,235,141.2791622,18,271,7516,327,69,190,539,885.6304846,0.423,0.05,0.521,0.003,0,0,0,0,0.003,0,0,4319,0.2645,158,151,47,5885,343,28,315,82,230,230,82,474,106,1,89,264,7,7,264,1.93889798988095,1.9868164,1.92734490595238,1.98642983333333,291.833442813095,NA,NA,NA
"Karban_Site 1_Wyethia_mollis_Survey 1","7/29/2019",61,528,98,146,280,7435,510,62,268,451,1149,0.979,0.021,0,0,0,0,0,0,0,0,0,6972,0.5744,56,160,45,6504,257,-94,351,-22,142,142,-22,896,154,12,70,421,51,51,421,1.3813324,1.40242513333333,2.30736942321429,2.67728678333333,281.127688709524,NA,NA,NA
"Karban_Site 2_Nicotiana_attenuata_Survey 1","8/22/2019",38,88,132,260,88,2164,225,63,657,255,278,0.155,0.792,0.002,0.03,0,0,0.021,0,0,0,0,3760,0.2394,56,142,44,6145,235,-81,316,-14,139,139,-14,395,68,12,59,179,37,37,179,0.527457106547619,0.54526775,3.3999023,3.3999023,282.854460970238,NA,NA,NA
"Karban_Site 3_Plantago_major_Survey 1","6/8/2020",40.4390443,248.4655172,155.1364336,7.5028509,325.2565843,4512.8719794,331.7736899,69.5020364,142.6664404,532.0769753,329.9762858,0.262,0.173,0.471,0.007,0.001,0,0.003,0,0.083,0,0,4864.893775,0.26,159,151,47,5922,344,28,316,82,231,231,82,472,105,1,88,261,7,7,261,2.15130034583333,2.2706706,1.89430528214286,1.98173015,292.21555787381,NA,NA,NA
"Karban_Site 3_Plantago_major_Survey 2","10/5/2020",40.4390443,248.4655172,155.1364336,7.5028509,325.2565843,4512.8719794,331.7736899,69.5020364,142.6664404,532.0769753,329.9762858,0.304,0.153,0.461,0.002,0,0,0,0,0.08,0,0,3520,0.26,159,151,47,5922,344,28,316,82,231,231,82,472,105,1,88,261,7,7,261,2.15130034583333,2.2706706,1.89430528214286,1.98173015,292.21555787381,NA,NA,NA
"Karban_Site 4_Plantago_major_Survey 1","9/11/2020",45,153,109,147,38,2859,336,59,743,220,813,0.847,0.052,0.095,0.005,0.001,0,0,0,0,0,0,5570,0.2997,49,138,45,5929,223,-82,305,-18,129,129,-18,484,83,12,62,221,39,39,221,2.4724528,2.50738526666667,2.87548828333333,3.0405884,277.664507435714,NA,NA,NA
"Kariya_Site 1_Asclepias_curassavica_Survey 1","6/22/2020",29,180,157,19,306,3197,236,75,493,201,200,0.337,0.341,0.031,0.013,0.078,0,0.01,0,0.19,0,0,6025,0.2852,232,122,43,5451,363,85,278,274,172,294,155,557,101,13,53,213,73,165,87,1.18724351547619,1.31545005,0,0,300.382190110714,NA,NA,NA
"Kariya_Site 1_Crotalaria_juncea_Survey 1","6/8/2020",26,153,159,1,228,2125,193,73,586,186,173,0.113,0.23,0.009,0,0.009,0,0,0,0.639,0,0,5742.2417066,0.3396,229,113,42,5262,352,87,265,269,168,289,154,640,123,18,51,248,89,188,101,1.176771625,1.41833496666667,3.0791016,3.0791016,299.556822617857,NA,NA,NA
"Kariya_Site 1_Helianthus_annuus_Survey 1","6/8/2020",26,144,161,23,218,1691,214,75,598,184,162,0.196,0.282,0.241,0.027,0.007,0,0.005,0,0.242,0,0,5461.4824719,0.3003,230,120,43,5357,359,84,275,270,170,291,154,588,107,15,51,225,80,172,93,1.19034686666667,1.37058513333333,0,0,300.066225370238,NA,NA,NA
"Kariya_Site 1_Solanum_elaeagnifolium_Survey 1","6/6/2020",27,157,151,36,176,2203,251,77,592,232,198,0.155,0.214,0.411,0.078,0,0,0.003,0,0.139,0,0,3155,0.2929,231,118,43,5351,358,86,272,271,171,292,155,577,105,14,51,219,78,168,93,1.19034686666667,1.37058513333333,0,0,300.066225370238,NA,NA,NA
"Keasar_Site 1_Anemone_coronaria_Survey 1","2/5/2020",28,281,147,106,332,2152,193,80,327,341,170,0.233,0.033,0.063,0.038,0.003,0,0.066,0,0.564,0,0,5459,0.1561,198,97,43,4463,306,85,221,156,249,252,139,305,72,0,106,194,0,0,192,0.0825195,0.0825195,0.872892851190476,0.7550456,295.438266088095,NA,NA,NA
"Keasar_Site 2_Anemone_coronaria_Survey 1","2/15/2020",39,312,144,140,349,2424,318,78,280,372,222,0.086,0.459,0.062,0.005,0,0,0.141,0,0.247,0,0,5805,0.2516,200,117,47,4894,322,78,244,135,255,257,135,492,126,0,109,323,0,0,323,1.32418315,1.32006838333333,1.00667752083333,0.900858533333333,295.193716258333,NA,NA,NA
"Keasar_Site 3_Anemone_coronaria_Survey 1","3/5/2020",37,389,150,90,433,2600,305,75,189,378,271,0.038,0.077,0.041,0.023,0,0,0,0,0.821,0,0,5792.364606,0.2789,202,108,43,5507,327,78,249,130,265,267,130,486,129,0,111,328,0,1,328,2.76902917619048,2.75158693333333,1.19686380119048,1.1031494,294.517858366667,NA,NA,NA
"Keasar_Site 4_Lupinus_pilosus_Survey 1","3/11/2020",41,312,143,187,334,2981,304,78,267,399,255,0.126,0.229,0.115,0.004,0.007,0,0.322,0,0.197,0,0,6820,0.2177,200,119,47,5049,327,77,250,134,257,259,134,421,107,0,107,270,0,0,270,1.45288886428571,1.43992108333333,1.14842442142857,1.06974283333333,294.833856376191,NA,NA,NA
"Kersch_Site 1_Aesculus_parviflora_Survey 1","10/24/2019",38,149,139,26,183,2134,446,54,443,374,451,0.713,0.157,0.12,0.008,0.002,0,0,0,0,0,0,6879,0.9606,169,131,39,7336,329,0,329,88,223,261,72,1435,162,83,19,438,269,331,411,2.72439285178571,3.31630453333333,4.40773737202381,4.9715983,292.22324322381,NA,NA,NA
"Kersch_Site 1_Ageratina_altissima_Survey 1","11/5/2019",37,155,139,31,179,2278,433,53,455,366,451,0.704,0.152,0.136,0.004,0.004,0,0,0,0,0,0,7160,0.9606,169,131,39,7336,329,0,329,88,223,261,72,1435,162,83,19,438,269,331,411,2.72439285178571,3.31630453333333,4.40773737202381,4.9715983,292.22324322381,NA,NA,NA
"Kersch_Site 1_Conoclinium_coelestinum_Survey 1","11/8/2019",46,131,133,84,228,2751,425,53,335,437,421,0.788,0.053,0.002,0.008,0.142,0,0,0,0.007,0,0,7756,0.9722,168,132,40,7350,329,-1,330,87,222,260,71,1440,163,84,19,438,270,331,412,2.76599411607143,2.99430338333333,4.12482270416667,4.98394775,291.935970921429,NA,NA,NA
"Kersch_Site 1_Urera_baccifera_Survey 1","12/17/2019",65,195,100,91,408,4120,482,52,230,361,652,0.686,0.136,0.166,0.004,0.003,0,0.001,0,0.004,0,0,7681,1.2963001,177,95,51,3072,276,91,185,212,137,212,137,1627,164,109,11,455,359,439,359,1.40749612916667,1.41827393333333,5.50526938392857,5.89164225952381,291.582229177381,NA,NA,NA
"Kersch_Site 2_Vriesea_platynema_Survey 1","12/28/2019",117,245,92,106,471,5036,552,50,187,342,858,0.702,0.176,0.118,0,0.001,0,0,0,0.003,0,0,7969,1.7244999,159,96,53,2884,254,73,181,145,187,195,123,2018,198,137,9,548,473,525,489,2.989440925,2.99532065,4.85299828392857,5.38210334285714,290.822808436905,NA,NA,NA
"Kharou_Site 1_Asclepias_syriaca_Survey 1","8/22/2019",57,279,125,55,284,6438,346,68,326,390,421,0.337,0.195,0.431,0.001,0,0,0,0,0.036,0,0,6339,0.9307,59,98,23,10956,262,-153,415,181,-77,192,-91,864,84,54,14,248,170,246,188,2.63031515416667,2.68103026666667,1.53263200416667,2.64499918333333,282.063760057143,NA,NA,NA
"Kharou_Site 2_Quercus_garryana_Survey 1","8/9/2019",88,320,104,115,189,7053,657,61,446,365,987,0.611,0.354,0.031,0,0.002,0,0,0,0.002,0,0,7059,0.8085,97,73,39,4063,202,16,186,51,149,149,47,770,129,17,63,377,63,63,341,3.09490167202381,3.16591388333333,2.80683826845238,2.99538168333333,284.020778271429,NA,NA,NA
"Kim_Site 1_Solidago_altissima_Survey 1","8/19/2019",62,249,137,46,283,2519,396,71,95,622,321,0.273,0.553,0.019,0,0,0,0,0,0.155,0,0,7569,0.5717,122,129,30,10001,327,-90,417,224,-12,248,-12,859,136,20,51,352,70,323,70,1.74608358452381,2.3122762,2.29537382619048,2.40030923333333,287.808829021429,NA,NA,NA
"Kim_Site 1_Verbena_hastata_Survey 1","8/19/2019",62,249,137,46,283,2519,396,71,95,622,321,0.255,0.591,0.014,0.001,0,0,0,0,0.139,0,0,7569,0.5717,122,129,30,10001,327,-90,417,224,-12,248,-12,859,136,20,51,352,70,323,70,1.74608358452381,2.3122762,2.29537382619048,2.40030923333333,287.808829021429,NA,NA,NA
"Kim_Site 1_Vernonia_baldwinii_Survey 1","8/19/2019",62,249,137,46,283,2519,396,71,95,622,321,0.247,0.589,0.015,0.001,0,0,0,0,0.148,0,0,7569,0.5717,122,129,30,10001,327,-90,417,224,-12,248,-12,859,136,20,51,352,70,323,70,1.74608358452381,2.3122762,2.29537382619048,2.40030923333333,287.808829021429,NA,NA,NA
"Kimuyu_Site 1_Melhania_ovata_Survey 1","11/5/2019",41,239,130,67,423,2466,360,66,318,258,343,0.001,0.341,0.001,0.004,0,0,0.653,0,0,0,0,6228,0.49,182,165,82,588,284,84,200,190,180,190,176,750,144,24,57,296,94,296,141,1.85599698988095,1.84165154285714,1.71364411964286,1.64447312857143,294.062002144048,NA,NA,NA
"Kimuyu_Site 1_Melhania_ovata_Survey 1","11/6/2019",41,239,130,67,423,2466,360,66,318,258,343,0.003,0.311,0.009,0.001,0,0,0.674,0,0.002,0,0,6228,0.49,182,165,82,588,284,84,200,190,180,190,176,750,144,24,57,296,94,296,141,1.85599698988095,1.84165154285714,1.71364411964286,1.64447312857143,294.062002144048,NA,NA,NA
"Kimuyu_Site 1_Melhania_ovata_Survey 1","11/7/2019",41,239,130,67,423,2466,360,66,318,258,343,0.002,0.318,0.004,0.004,0,0,0.671,0,0.001,0,0,6228,0.49,182,165,82,588,284,84,200,190,180,190,176,750,144,24,57,296,94,296,141,1.85599698988095,1.84165154285714,1.71364411964286,1.64447312857143,294.062002144048,NA,NA,NA
"Kimuyu_Site 1_Melhania_ovata_Survey 1","11/8/2019",41,239,130,67,423,2466,360,66,318,258,343,0.002,0.346,0.003,0.002,0,0,0.646,0,0.001,0,0,6228,0.49,182,165,82,588,284,84,200,190,180,190,176,750,144,24,57,296,94,296,141,1.85599698988095,1.84165154285714,1.71364411964286,1.64447312857143,294.062002144048,NA,NA,NA
"Kimuyu_Site 1_Solanum_incanum_Survey 1","12/2/2019",41,239,130,67,423,2466,360,66,318,258,340,0.003,0.346,0.004,0.008,0,0,0.636,0,0.003,0,0,6554.7001377,0.5004,183,166,83,579,285,85,200,191,181,191,177,761,147,25,58,302,97,302,139,1.85599698988095,1.84165154285714,1.71364411964286,1.64447312857143,294.062002144048,NA,NA,NA
"Kimuyu_Site 1_Solanum_incanum_Survey 1","12/3/2019",41,239,130,67,423,2466,360,66,318,258,340,0.002,0.339,0.002,0.007,0,0,0.649,0,0.001,0,0,6554.7001377,0.5004,183,166,83,579,285,85,200,191,181,191,177,761,147,25,58,302,97,302,139,1.85599698988095,1.84165154285714,1.71364411964286,1.64447312857143,294.062002144048,NA,NA,NA
"Kimuyu_Site 1_Solanum_incanum_Survey 1","12/4/2019",41,239,130,67,423,2466,360,66,318,258,340,0.002,0.341,0.003,0.005,0,0,0.648,0,0.001,0,0,6655,0.5004,183,166,83,579,285,85,200,191,181,191,177,761,147,25,58,302,97,302,139,1.85599698988095,1.84165154285714,1.71364411964286,1.64447312857143,294.062002144048,NA,NA,NA
"Komats_Site 1_Liquidambar_styraciflua_Survey 1","6/26/2020",50,287,129,16,224,4812,416,47,343,432,972,0.901,0.063,0.019,0,0.005,0,0,0.004,0.008,0,0,8629,0.8129,132,109,31,8431,304,-38,342,238,21,238,21,1068,112,71,14,310,235,310,235,0.408498133333333,0.4160156,2.85184950119048,4.10809325,287.871097822619,NA,NA,NA
"Komats_Site 1_Plantago_major_Survey 1","6/23/2020",46,286,128,5,227,4602,433,46,352,422,937,0.881,0.046,0.007,0.001,0.043,0,0,0.013,0.009,0,0,7994,0.8127,131,109,31,8423,304,-37,341,238,21,238,21,1069,112,71,14,310,236,310,236,0.408498133333333,0.4160156,2.85184950119048,4.10809325,287.871097822619,NA,NA,NA
"Komats_Site 1_Podophyllum_peltatum_Survey 1","6/26/2020",50,287,129,16,224,4812,416,47,343,432,972,0.892,0.063,0.011,0,0.014,0,0,0.008,0.012,0,0,8629,0.8129,132,109,31,8431,304,-38,342,238,21,238,21,1068,112,71,14,310,235,310,235,0.408498133333333,0.4160156,2.85184950119048,4.10809325,287.871097822619,NA,NA,NA
"Komats_Site 1_Taraxacum_officinale_Survey 1","6/23/2020",46,286,128,5,227,4602,433,46,352,422,937,0.877,0.048,0.007,0,0.049,0,0,0.016,0.003,0,0,7994,0.8127,131,109,31,8423,304,-37,341,238,21,238,21,1069,112,71,14,310,236,310,236,0.408498133333333,0.4160156,2.85184950119048,4.10809325,287.871097822619,NA,NA,NA
"Krishn_Site 1_Azadirachta_indica_Survey 1","7/6/2020",38,324,144,73,362,2074,279,77,377,261,308,0.242,0.006,0.487,0.003,0,0,0.033,0,0.229,0,0,4241,0.3558,289,96,58,2285,372,208,164,280,272,316,257,844,188,9,74,441,40,130,237,1.68102228869048,1.63584391666667,1.98270525892857,1.9753418,303.586719858333,NA,NA,NA
"Krishn_Site 1_Madhuca_longifolia_Survey 1","7/12/2020",40.0621633,319.7094915,142,65.2050474,356.7087912,2065.4130037,287.0063564,76.4258242,376.1314372,267.2797888,319,0.234,0.008,0.458,0.003,0,0,0.041,0,0.256,0,0,4352,0.3561,289,96,58,2292,372,208,164,280,271,315,257,841,187,9,74,439,40,129,237,1.68102228869048,1.63584391666667,1.98270525892857,1.9753418,303.586719858333,NA,NA,NA
"Krishn_Site 1_Polyalthia_longifolia_Survey 1","7/28/2020",38,324,143,73,362,2074,279,77,377,261,311,0.193,0.008,0.458,0.002,0,0,0.029,0,0.31,0,0,4592,0.3558,289,96,58,2285,372,208,164,280,272,316,257,844,188,9,74,441,40,130,237,1.68102228869048,1.63584391666667,1.98270525892857,1.9753418,303.586719858333,NA,NA,NA
"Krishn_Site 2_Roystonea_regia_Survey 1","7/24/2020",39.9472559,321.086017,142,66.8051705,357.4634769,2066.6018521,285.6996824,76.5354546,374.9439316,267.7104865,319,0.211,0.008,0.533,0,0,0,0.027,0,0.221,0,0,4352,0.3569,289,96,58,2257,372,208,164,280,272,315,257,843,187,9,74,440,40,130,236,1.68102228869048,1.63584391666667,1.98270525892857,1.9753418,303.586719858333,NA,NA,NA
"Lecomt_Site 1_Betula_alleghaniensis_Survey 1","10/28/2020",51,283,104,90,196,3085,428,45,475,329,611,0.849,0.12,0,0,0,0,0,0,0.031,0,0,7618,1.4681,53,109,28,9478,252,-135,387,-39,129,173,-71,1158,118,80,13,346,259,268,328,0,0,2.75318401607143,4.40563968333333,281.253081610714,NA,NA,NA
"Lecomt_Site 1_Picea_rubens_Survey 1","10/29/2020",51,283,104,90,196,3085,428,45,475,329,611,0.882,0.091,0.004,0,0,0,0,0,0.023,0,0,7618,1.4681,53,109,28,9478,252,-135,387,-39,129,173,-71,1158,118,80,13,346,259,268,328,0,0,2.75318401607143,4.40563968333333,281.253081610714,NA,NA,NA
"Lehn_Site 1_Alsophila_setosa_Survey 1","8/28/2020",62,235,103,73,474,5108,432,52,234,292,694,0.436,0.028,0,0,0,0,0,0,0.536,0,0,8034.965291,1.2278,192,115,54,3346,302,90,212,194,232,234,150,1778,185,127,11,482,410,428,427,1.67554437797619,2.17829823095238,5.48158193154762,5.484965,293.895532520238,NA,NA,NA
"Lehn_Site 1_Asplenium_claussenii_Survey 1","8/29/2020",63,220,107,45,389,4367,441,50,308,302,591,0.402,0.118,0,0,0.003,0,0,0,0.477,0,0,7489,1.2488,193,112,54,3224,302,96,206,200,211,233,152,1751,180,124,11,483,406,429,435,1.68010457916667,2.2105306,5.26721554880952,5.30122593095238,293.310353964286,NA,NA,NA
"Lehn_Site 1_Campyloneurum_nitidum_Survey 1","8/29/2020",63,220,107,45,389,4367,441,50,308,302,591,0.403,0.108,0,0.001,0.001,0,0,0,0.487,0,0,7489,1.2488,193,112,54,3224,302,96,206,200,211,233,152,1751,180,124,11,483,406,429,435,1.68010457916667,2.2105306,5.26721554880952,5.30122593095238,293.310353964286,NA,NA,NA
"Lehn_Site 1_Ctenitis_submarginalis_Survey 1","8/28/2020",60,229,104,71,396,3849,451,50,284,320,631,0.443,0.193,0.249,0.004,0.005,0,0,0,0.106,0,0,6443.1495984,1.2344,193,113,54,3249,301,94,207,198,232,233,152,1760,182,125,11,482,408,429,442,1.63790384583333,2.15020751666667,5.61467124345238,5.63706752857143,293.58494675,NA,NA,NA
"Lehn_Site 1_Lomaridium_plumieri_Survey 1","8/28/2020",62,235,103,73,474,5108,432,52,234,292,694,0.399,0.016,0.002,0,0,0,0,0,0.583,0,0,8034.965291,1.2278,192,115,54,3346,302,90,212,194,232,234,150,1778,185,127,11,482,410,428,427,1.67554437797619,2.17829823095238,5.48158193154762,5.484965,293.895532520238,NA,NA,NA
"Lill_Site 1_Quercus_alba_Survey 1","6/4/2020",47,302,123,76,252,6633,423,53,263,485,1271,0.684,0.192,0,0,0.003,0,0,0,0.121,0,0,6390,0.7815,124,122,33,8536,306,-53,359,211,11,232,11,995,98,67,12,280,210,278,210,2.80563136011905,2.9019572,2.77366856130952,3.77317303333333,287.283029742857,NA,NA,NA
"LoPres_Site 1_Adiantum_pedatum_Survey 1","10/7/2019",54,256,135,66,195,16062,358,60,404,401,561,0.787,0.161,0.035,0.002,0.001,0,0,0.007,0.007,0,0,8224,0.7572,82,110,28,9658,278,-103,381,202,-48,202,-48,782,88,35,25,240,127,240,127,2.87715075952381,2.94565836666667,1.30306062678571,1.96799725,283.922626039286,NA,NA,NA
"LoPres_Site 1_Onoclea_sensibilis_Survey 1","9/26/2019",54,256,135,66,195,16062,358,60,404,401,561,0.796,0.155,0.023,0,0.001,0,0,0.017,0.008,0,0,8335,0.7572,82,110,28,9658,278,-103,381,202,-48,202,-48,782,88,35,25,240,127,240,127,2.87715075952381,2.94565836666667,1.30306062678571,1.96799725,283.922626039286,NA,NA,NA
"LoPres_Site 2_Asclepias_tuberosa_Survey 1","8/5/2019",57,251,140,38,214,15640,375,63,369,417,504,0.532,0.366,0.019,0,0,0,0,0.006,0.077,0,0,8145,0.7569,81,109,28,9671,278,-104,382,202,-48,202,-48,783,88,35,25,241,127,241,127,2.87715075952381,2.94565836666667,1.30306062678571,1.96799725,283.922626039286,NA,NA,NA
"LoPres_Site 3_Asplenium_platyneuron_Survey 1","7/7/2020",54,257,127,47,216,16681,362,58,369,415,870,0.776,0.195,0.012,0,0,0,0,0,0.017,0,0,7766,0.7584,82,110,28,9658,278,-103,381,202,-48,202,-48,782,88,35,25,240,127,240,127,2.87715075952381,2.94565836666667,1.30306062678571,1.96799725,283.922626039286,NA,NA,NA
"Loutha_Site 1_Amorpha_canescens_Survey 1","7/28/2021",77,291,128,133,407,2980,466,66,78,515,352,0.205,0.795,0,0,0,0,0,0,0,0,0,7403.8147625,0.5716,121,129,31,9979,325,-91,416,222,-13,247,-13,866,136,20,50,353,71,324,71,1.74608358452381,2.3122762,2.29537382619048,2.40030923333333,287.808829021429,NA,NA,NA
"Loutha_Site 1_Aster_oblongifolius_Survey 1","9/24/2021",77,291,128,133,407,2980,466,66,78,515,352,0.219,0.781,0,0,0,0,0,0,0,0,0,6859,0.5716,121,129,31,9979,325,-91,416,222,-13,247,-13,866,136,20,50,353,71,324,71,1.74608358452381,2.3122762,2.29537382619048,2.40030923333333,287.808829021429,NA,NA,NA
"Loutha_Site 1_Echinacea_angustifolia_Survey 1","8/2/2021",77,283,128,112,412,2999,454,66,75,513,352,0.234,0.766,0,0,0,0,0,0,0,0,0,7390,0.5716,121,129,31,9979,325,-91,416,222,-13,247,-13,866,136,20,50,353,71,324,71,1.74608358452381,2.3122762,2.29537382619048,2.40030923333333,287.808829021429,NA,NA,NA
"Loutha_Site 1_Kuhnia_eupatorioides_Survey 1","8/2/2021",77,291,128,133,407,2980,466,66,78,515,352,0.204,0.793,0,0,0,0,0,0,0.003,0,0,7390,0.5716,121,129,31,9979,325,-91,416,222,-13,247,-13,866,136,20,50,353,71,324,71,1.74608358452381,2.3122762,2.29537382619048,2.40030923333333,287.808829021429,NA,NA,NA
"Lynn_Site 11_Hieracium_pilosella_Survey 1","8/18/2020",77,492,88,160,84,8294,598,50,543,373,1746,0.565,0.391,0.018,0,0.001,0,0,0,0.024,0.001,0,8449,1.0264,10,88,27,8008,181,-135,316,100,-44,114,-94,656,85,28,35,240,90,234,117,1.32326253333333,1.3828939,2.55170695416667,3.31496176666667,276.137907945238,NA,NA,NA
"Lynn_Site 11_Leucanthemum_vulgare_Survey 1","8/18/2020",77,492,88,160,84,8294,598,50,543,373,1746,0.564,0.397,0.016,0.001,0.001,0,0,0,0.021,0,0,8449,1.0264,10,88,27,8008,181,-135,316,100,-44,114,-94,656,85,28,35,240,90,234,117,1.32326253333333,1.3828939,2.55170695416667,3.31496176666667,276.137907945238,NA,NA,NA
"Lynn_Site 11_Veronica_officinalis_Survey 1","8/18/2020",77,492,88,160,84,8294,598,50,543,373,1746,0.581,0.376,0.007,0,0.007,0,0,0,0.029,0,0,8449,1.0264,10,88,27,8008,181,-135,316,100,-44,114,-94,656,85,28,35,240,90,234,117,1.32326253333333,1.3828939,2.55170695416667,3.31496176666667,276.137907945238,NA,NA,NA
"Lynn_Site 12_Hieracium_pilosella_Survey 1","8/7/2020",75,450,80,171,40,9880,576,47,543,417,2298,0.479,0.496,0.001,0.019,0.005,0,0,0,0,0,0,8362,4.8278999,54,55,28,5029,160,-33,193,29,74,120,-7,2830,358,122,33,1015,435,545,835,1.35458883333333,1.5932007,4.9154052625,4.98730468333333,276.519239335714,NA,NA,NA
"Lynn_Site 12_Potentilla_erecta_Survey 1","8/7/2020",75,450,84,171,40,9880,576,47,543,417,2279,0.465,0.502,0.001,0.024,0.008,0,0,0,0,0,0,8362,4.8278999,54,55,28,5029,160,-33,193,29,74,120,-7,2830,358,122,33,1015,435,545,835,1.35458883333333,1.5932007,4.9154052625,4.98730468333333,276.519239335714,NA,NA,NA
"Lynn_Site 12_Veronica_officinalis_Survey 1","8/7/2020",75,450,80,171,40,9880,576,47,543,417,2298,0.477,0.506,0,0.013,0.004,0,0,0,0,0,0,8362,4.8278999,54,55,28,5029,160,-33,193,29,74,120,-7,2830,358,122,33,1015,435,545,835,1.35458883333333,1.5932007,4.9154052625,4.98730468333333,276.519239335714,NA,NA,NA
"Lynn_Site 1_Astragalus_alpinus_Survey 1","8/20/2020",93,404,85,149,77,10053,599,51,530,393,2365,0.031,0.779,0,0.008,0,0,0,0,0,0.176,0.006,7541,2.7937,0,64,27,5912,129,-104,233,-28,25,79,-71,1567,181,73,27,520,255,353,444,1.00932022142857,1.18395996666667,1.93281556666667,1.97715251666667,274.864933125,NA,NA,NA
"Lynn_Site 1_Bistorta_vivipara_Survey 1","8/20/2020",93,404,85,149,77,10053,599,51,530,393,2365,0.026,0.765,0,0.009,0,0,0,0,0,0.192,0.008,7541,2.7937,0,64,27,5912,129,-104,233,-28,25,79,-71,1567,181,73,27,520,255,353,444,1.00932022142857,1.18395996666667,1.93281556666667,1.97715251666667,274.864933125,NA,NA,NA
"Lynn_Site 1_Thalictrum_alpinum_Survey 1","8/20/2020",93,404,85,149,77,10053,599,51,530,393,2365,0.028,0.784,0,0.005,0,0,0,0,0,0.18,0.003,7541,2.7937,0,64,27,5912,129,-104,233,-28,25,79,-71,1567,181,73,27,520,255,353,444,1.00932022142857,1.18395996666667,1.93281556666667,1.97715251666667,274.864933125,NA,NA,NA
"Lynn_Site 2_Astragalus_alpinus_Survey 1","8/17/2020",87,363,86,150,75,8118,607,54,537,388,2249,0.009,0.778,0,0,0.001,0,0.001,0,0,0.208,0.003,7610,1.9053,-9,74,28,6630,137,-127,264,40,-62,79,-91,931,100,40,25,298,152,269,221,1.081665025,1.28560385,1.20811970833333,1.21960451666667,274.950733632143,NA,NA,NA
"Lynn_Site 2_Bistorta_vivipara_Survey 1","8/17/2020",87,380,86,153,77,8390,611,54,532,391,2249,0.009,0.769,0,0.001,0.001,0,0,0,0,0.218,0.002,6784,2.0481,-15,73,27,6568,130,-131,261,34,-68,73,-95,980,104,43,24,310,163,280,236,1.081665025,1.28560385,1.20811970833333,1.21960451666667,274.950733632143,NA,NA,NA
"Lynn_Site 2_Hypericum_maculatum_Survey 1","8/10/2020",83,383,76,151,42,10729,615,46,535,423,2441,0.642,0.358,0,0,0,0,0,0,0,0,0,8476,3.1257,46,57,27,5321,160,-45,205,19,69,116,-18,2402,303,105,33,858,367,471,711,1.11345054107143,1.3730672,4.74505761130952,4.91778565,275.893162954762,NA,NA,NA
"Lynn_Site 2_Potentilla_erecta_Survey 1","8/10/2020",83,383,76,151,42,10729,615,46,535,423,2441,0.615,0.384,0,0,0.001,0,0,0,0,0,0,8476,3.1257,46,57,27,5321,160,-45,205,19,69,116,-18,2402,303,105,33,858,367,471,711,1.11345054107143,1.3730672,4.74505761130952,4.91778565,275.893162954762,NA,NA,NA
"Lynn_Site 2_Sibbaldia_procumbens_Survey 1","8/30/2020",89,368,82,154,70,8243,591,53,540,390,2184,0.007,0.806,0,0,0.001,0,0.002,0,0,0.181,0.003,7425,1.9053,-9,74,28,6630,137,-127,264,40,-62,79,-91,931,100,40,25,298,152,269,221,1.081665025,1.28560385,1.20811970833333,1.21960451666667,274.950733632143,NA,NA,NA
"Lynn_Site 2_Veronica_officinalis_Survey 1","8/10/2020",82,425,76,149,39,10382,613,46,533,428,2441,0.611,0.389,0,0,0,0,0,0,0,0,0,8476,3.1257,46,57,27,5321,160,-45,205,19,69,116,-18,2402,303,105,33,858,367,471,711,1.11345054107143,1.3730672,4.74505761130952,4.91778565,275.893162954762,NA,NA,NA
"Lynn_Site 3_Bistorta_vivipara_Survey 1","8/5/2020",65,511,76,115,84,7491,604,49,579,337,1915,0.756,0.224,0.001,0,0.013,0,0,0.005,0,0.001,0,7835,1.0799,4,83,27,7542,167,-132,299,90,-50,102,-93,723,89,30,31,253,104,241,142,1.28928775297619,1.38828531666667,3.17991274940476,3.71956381666667,275.800303419048,NA,NA,NA
"Lynn_Site 3_Hieracium_pilosella_Survey 1","8/5/2020",65,511,76,115,84,7491,604,49,579,337,1915,0.755,0.222,0,0,0.017,0,0,0.005,0,0.001,0,7835,1.0799,4,83,27,7542,167,-132,299,90,-50,102,-93,723,89,30,31,253,104,241,142,1.28928775297619,1.38828531666667,3.17991274940476,3.71956381666667,275.800303419048,NA,NA,NA
"Lynn_Site 3_Hypericum_maculatum_Survey 1","8/5/2020",65,511,76,115,84,7491,604,49,579,337,1915,0.781,0.203,0,0,0.01,0,0,0.006,0,0,0,7835,1.0799,4,83,27,7542,167,-132,299,90,-50,102,-93,723,89,30,31,253,104,241,142,1.28928775297619,1.38828531666667,3.17991274940476,3.71956381666667,275.800303419048,NA,NA,NA
"Lynn_Site 3_Hypericum_maculatum_Survey 2","9/2/2020",78,347,75,139,114,9045,629,49,548,338,1776,0.716,0.265,0,0,0,0,0.001,0,0,0.018,0,8574,2.3815,10,65,27,5976,140,-95,235,-21,35,89,-62,1500,175,69,28,504,240,334,424,1.09519958333333,1.2776489,4.1654205375,4.24155681666667,275.114681559524,NA,NA,NA
"Lynn_Site 3_Potentilla_erecta_Survey 1","8/5/2020",65,511,76,115,84,7491,604,49,579,337,1915,0.755,0.224,0.001,0,0.016,0,0,0.003,0,0.001,0,7835,1.0799,4,83,27,7542,167,-132,299,90,-50,102,-93,723,89,30,31,253,104,241,142,1.28928775297619,1.38828531666667,3.17991274940476,3.71956381666667,275.800303419048,NA,NA,NA
"Lynn_Site 3_Potentilla_erecta_Survey 2","9/2/2020",78,347,75,139,114,9045,629,49,548,338,1776,0.742,0.242,0,0,0,0,0,0,0,0.016,0,8574,2.3815,10,65,27,5976,140,-95,235,-21,35,89,-62,1500,175,69,28,504,240,334,424,1.09519958333333,1.2776489,4.1654205375,4.24155681666667,275.114681559524,NA,NA,NA
"Lynn_Site 3_Veronica_officinalis_Survey 1","8/5/2020",65,511,76,115,84,7491,604,49,579,337,1915,0.757,0.218,0,0,0.022,0,0,0.002,0,0.001,0,7835,1.0799,4,83,27,7542,167,-132,299,90,-50,102,-93,723,89,30,31,253,104,241,142,1.28928775297619,1.38828531666667,3.17991274940476,3.71956381666667,275.800303419048,NA,NA,NA
"Lynn_Site 3_Veronica_officinalis_Survey 2","9/2/2020",78,347,75,139,114,9045,629,49,548,338,1776,0.736,0.249,0,0,0,0,0.001,0,0,0.014,0,8574,2.3815,10,65,27,5976,140,-95,235,-21,35,89,-62,1500,175,69,28,504,240,334,424,1.09519958333333,1.2776489,4.1654205375,4.24155681666667,275.114681559524,NA,NA,NA
"Lynn_Site 4_Hypericum_maculatum_Survey 1","8/6/2020",80,373,78,158,94,8385,623,48,562,344,1963,0.87,0.108,0.01,0,0.011,0,0,0,0,0.001,0,8525,2.0978,21,66,27,6007,152,-84,236,-11,49,101,-52,1441,172,64,30,492,226,317,406,1.09519958333333,1.2776489,4.1654205375,4.24155681666667,275.114681559524,NA,NA,NA
"Lynn_Site 4_Potentilla_erecta_Survey 1","8/6/2020",80,373,78,158,94,8385,623,48,562,344,1963,0.886,0.096,0.004,0,0.012,0,0,0,0,0.002,0,8525,2.0978,21,66,27,6007,152,-84,236,-11,49,101,-52,1441,172,64,30,492,226,317,406,1.09519958333333,1.2776489,4.1654205375,4.24155681666667,275.114681559524,NA,NA,NA
"Lynn_Site 4_Veronica_officinalis_Survey 1","8/6/2020",80,373,78,158,94,8385,623,48,562,344,1963,0.869,0.112,0.003,0,0.015,0,0,0,0,0.001,0,8525,2.0978,21,66,27,6007,152,-84,236,-11,49,101,-52,1441,172,64,30,492,226,317,406,1.09519958333333,1.2776489,4.1654205375,4.24155681666667,275.114681559524,NA,NA,NA
"Lynn_Site 5_Bistorta_vivipara_Survey 1","8/31/2020",88,379,83,156,79,8880,569,52,517,404,1974,0.224,0.476,0.001,0.039,0.091,0,0,0,0,0.151,0.018,7328,3.1561999,-14,64,27,5876,114,-117,231,-41,10,65,-84,1566,176,75,25,505,264,365,438,1.1450268047619,1.31278485,1.9893799,1.9893799,274.73170582619,NA,NA,NA
"Lynn_Site 5_Sibbaldia_procumbens_Survey 1","8/31/2020",88,379,83,156,79,8880,569,52,517,404,1974,0.218,0.519,0.001,0.036,0.068,0,0,0,0,0.141,0.017,7328,3.1561999,-14,64,27,5876,114,-117,231,-41,10,65,-84,1566,176,75,25,505,264,365,438,1.1450268047619,1.31278485,1.9893799,1.9893799,274.73170582619,NA,NA,NA
"Lynn_Site 5_Taraxacum_officinale_Survey 1","8/31/2020",88,379,83,156,79,8880,569,52,517,404,1974,0.21,0.493,0.001,0.042,0.057,0,0,0,0,0.171,0.026,7328,3.1561999,-14,64,27,5876,114,-117,231,-41,10,65,-84,1566,176,75,25,505,264,365,438,1.1450268047619,1.31278485,1.9893799,1.9893799,274.73170582619,NA,NA,NA
"Lynn_Site 5_Thalictrum_alpinum_Survey 1","8/31/2020",88,379,83,156,79,8880,569,52,517,404,1974,0.215,0.495,0.002,0.031,0.082,0,0,0,0,0.159,0.016,7328,3.1561999,-14,64,27,5876,114,-117,231,-41,10,65,-84,1566,176,75,25,505,264,365,438,1.1450268047619,1.31278485,1.9893799,1.9893799,274.73170582619,NA,NA,NA
"Lynn_Site 6_Bistorta_vivipara_Survey 1","8/12/2020",91,420,89,154,55,9889,627,51,574,371,2153,0.568,0.432,0,0,0,0,0,0,0,0,0,8443.3942083,3.6083,22,58,28,5278,136,-70,206,-5,43,92,-41,2033,253,93,31,710,313,406,606,1.05621339166667,1.37335203333333,4.86295572916667,5.01645915,275.970894079762,NA,NA,NA
"Lynn_Site 6_Potentilla_erecta_Survey 1","8/12/2020",91,420,89,154,55,9889,627,51,574,371,2153,0.602,0.398,0,0,0,0,0,0,0,0,0,8443.3942083,3.6083,22,58,28,5278,136,-70,206,-5,43,92,-41,2033,253,93,31,710,313,406,606,1.05621339166667,1.37335203333333,4.86295572916667,5.01645915,275.970894079762,NA,NA,NA
"Lynn_Site 6_Veronica_officinalis_Survey 1","8/12/2020",91,420,89,154,55,9889,627,51,574,371,2153,0.603,0.396,0,0,0,0,0,0,0,0.001,0,8443.3942083,3.6083,22,58,28,5278,136,-70,206,-5,43,92,-41,2033,253,93,31,710,313,406,606,1.05621339166667,1.37335203333333,4.86295572916667,5.01645915,275.970894079762,NA,NA,NA
"Lynn_Site 7_Bistorta_vivipara_Survey 1","8/13/2020",95,319,86,165,46,10184,613,52,510,444,2300,0,0.501,0,0.014,0.006,0,0,0,0,0.213,0.266,146,4.9878001,11,55,27,5095,121,-78,199,-13,30,79,-49,2332,289,109,30,805,367,468,696,0.956423807142857,1.28059896666667,3.66541544166667,3.7003784,275.241560178571,NA,NA,NA
"Lynn_Site 7_Sibbaldia_procumbens_Survey 1","8/13/2020",95,319,86,165,46,10184,613,52,510,444,2300,0,0.51,0,0.009,0.008,0,0,0,0,0.228,0.245,146,4.9878001,11,55,27,5095,121,-78,199,-13,30,79,-49,2332,289,109,30,805,367,468,696,0.956423807142857,1.28059896666667,3.66541544166667,3.7003784,275.241560178571,NA,NA,NA
"Lynn_Site 7_Thalictrum_alpinum_Survey 1","8/13/2020",95,319,86,165,46,10184,613,52,510,444,2300,0,0.497,0,0.011,0.005,0,0,0,0,0.224,0.263,146,4.9878001,11,55,27,5095,121,-78,199,-13,30,79,-49,2332,289,109,30,805,367,468,696,0.956423807142857,1.28059896666667,3.66541544166667,3.7003784,275.241560178571,NA,NA,NA
"Lynn_Site 9_Bistorta_vivipara_Survey 1","8/21/2020",86,417,83,149,43,9714,594,49,524,433,2121,0.214,0.7,0,0.002,0,0,0,0,0,0.084,0,7909,4.0152998,15,57,27,5423,131,-80,211,-11,35,87,-50,2255,278,105,30,780,353,460,667,1.26993525416667,1.60437011666667,4.24523706547619,4.3612671,276.288482786905,NA,NA,NA
"Lynn_Site 9_Potentilla_erecta_Survey 1","8/21/2020",86,417,83,149,43,9714,594,49,524,433,2121,0.245,0.673,0,0.001,0,0,0,0,0,0.08,0.001,7909,4.0152998,15,57,27,5423,131,-80,211,-11,35,87,-50,2255,278,105,30,780,353,460,667,1.26993525416667,1.60437011666667,4.24523706547619,4.3612671,276.288482786905,NA,NA,NA
"Lynn_Site 9_Thalictrum_alpinum_Survey 1","8/21/2020",86,417,83,149,43,9714,594,49,524,433,2121,0.241,0.685,0,0,0,0,0,0,0,0.074,0,7909,4.0152998,15,57,27,5423,131,-80,211,-11,35,87,-50,2255,278,105,30,780,353,460,667,1.26993525416667,1.60437011666667,4.24523706547619,4.3612671,276.288482786905,NA,NA,NA
"Maia_Site 1_Baccharis_dracunculifolia_Survey 1","10/29/2020",52,144,125,84,281,2133,320,50,418,300,458,0.027,0.782,0.004,0.012,0,0,0.175,0,0,0,0,3980,1.1056,192,117,65,1815,274,94,180,207,170,211,165,1556,323,9,83,847,32,622,51,2.08854167083333,2.13920085,2.1542104,2.23665363333333,294.635575665476,NA,NA,NA
"Maia_Site 1_Baccharis_serrulata_Survey 1","10/27/2020",51,146,125,82,283,2190,322,50,418,299,458,0.033,0.815,0.008,0.011,0,0,0.133,0,0,0,0,3980,1.1056,192,117,65,1815,274,94,180,207,170,211,165,1556,323,9,83,847,32,622,51,2.08854167083333,2.13920085,2.1542104,2.23665363333333,294.635575665476,NA,NA,NA
"Maia_Site 1_Handroanthus_ochraceus_Survey 1","10/29/2020",51,146,125,82,283,2190,322,50,418,299,458,0.048,0.777,0.008,0.006,0,0,0.161,0,0,0,0,3980,1.1056,192,117,65,1815,274,94,180,207,170,211,165,1556,323,9,83,847,32,622,51,2.08854167083333,2.13920085,2.1542104,2.23665363333333,294.635575665476,NA,NA,NA
"Maia_Site 2_Pittosporum_tenuifolium_Survey 1","10/20/2020",86,319,90,94,223,4874,625,62,533,243,740,0.391,0.264,0.284,0.003,0.01,0,0.001,0,0.047,0,0,6701,0.5867,118,95,47,3753,220,18,202,74,117,164,68,614,65,39,16,183,131,132,175,2.44569542142857,2.50126429285714,4.26956178333333,4.27050781666667,286.395710202381,NA,NA,NA
"Maia_Site 3_Corylus_avellana_Survey 1","11/6/2020",84,309,91,107,204,4458,592,62,586,210,752,0.142,0.458,0.083,0,0,0,0.001,0.005,0.311,0,0,6821,0.5556,117,95,47,3744,219,17,202,67,116,164,67,636,68,39,14,186,139,143,186,2.11535280833333,2.13242886666667,0,0,286.157736319048,NA,NA,NA
"Maia_Site 3_Olea_europaea_Survey 1","10/7/2020",87,295,96,114,209,3987,595,63,570,221,763,0.103,0.549,0.058,0.002,0,0,0,0,0.288,0,0,7479,0.5346,117,95,47,3744,219,17,202,67,116,164,67,635,68,39,14,185,139,143,185,2.11535280833333,2.13242886666667,0,0,286.157736319048,NA,NA,NA
"Maia_Site 3_Plantago_lanceolata_Survey 1","10/16/2020",74,301,85,89,203,4072,565,63,572,225,761,0.152,0.567,0.035,0.178,0.02,0,0.003,0,0.045,0,0,5303,0.5463,116,95,47,3741,218,16,202,66,162,162,66,644,68,43,14,187,141,141,187,2.32305908214286,2.35758461428571,4.2743108797619,4.27465529285714,286.030880296429,NA,NA,NA
"Mannal_Site 1_Plantago_lanceolata_Survey 1","10/30/2020",67,376,119,10,242,7621,565,66,516,242,544,0.111,0.434,0.124,0.007,0,0,0,0,0.324,0,0,6607.7389186,1.1392,87,84,32,6297,230,-28,258,167,45,167,6,931,114,59,20,303,191,303,204,2.99410356666667,3.1306966,2.50613257976191,3.44156901666667,282.054518714286,NA,NA,NA
"Mannal_Site 1_Taraxacum_officinale_Survey 1","8/21/2019",68,370,118,24,228,6440,567,66,450,323,539,0.184,0.414,0.153,0.002,0,0,0,0,0.247,0,0,5748,1.155,86,83,32,6279,228,-29,257,165,44,165,4,944,115,60,20,306,194,306,207,2.99410356666667,3.1306966,2.50613257976191,3.44156901666667,282.054518714286,NA,NA,NA
"Mannal_Site 1_Vicia_sepium_Survey 1","10/30/2020",67,376,119,10,242,7621,565,66,516,242,544,0.119,0.425,0.111,0.006,0.002,0,0,0,0.337,0,0,6607.7389186,1.1392,87,84,32,6297,230,-28,258,167,45,167,6,931,114,59,20,303,191,303,204,2.99410356666667,3.1306966,2.50613257976191,3.44156901666667,282.054518714286,NA,NA,NA
"Massad_Site 1_Capparis_erythrocarpos_Survey 1","10/5/2019",44,131,129,20,308,1332,251,62,467,225,196,0.969,0.004,0,0,0,0,0.023,0.001,0.003,0,0,4420,0.5676,251,133,62,2662,348,135,213,276,223,276,211,1033,209,12,87,605,52,511,64,2.2341512,1.95969643333333,0.508107541666667,0.507710816666667,299.991405730952,NA,NA,NA
"Massad_Site 2_Gomphocarpus_fructicosus_Survey 1","9/22/2019",34,142,131,15,256,1288,230,62,514,230,163,0.768,0.165,0,0,0,0,0.027,0.04,0,0,0,6103,0.5753,251,131,62,2641,348,137,211,276,224,276,212,1046,213,13,87,609,55,512,67,2.2341512,1.95969643333333,0.508107541666667,0.507710816666667,299.991405730952,NA,NA,NA
"Massad_Site 3_Symphoricarpos_albus_Survey 1","6/9/2020",90,429,99,85,333,9066,524,55,228,439,1312,0.996,0.004,0,0,0,0,0,0,0,0,0,8701.7612852,1.5965,101,119,44,5139,264,-3,267,43,168,169,39,1450,256,16,69,714,83,90,667,2.35878499702381,2.37493896666667,3.83854823035714,3.980306,284.848512413095,NA,NA,NA
"McBrid_Site 1_Taraxacum_officinale_Survey 1","7/27/2019",40,200,134,155,260,2689,258,78,339,401,237,0.59,0.361,0,0.001,0,0,0.048,0,0,0,0,3168.9663661,0.199,73,172,41,8347,299,-116,415,61,183,183,-32,315,32,18,13,91,70,70,74,0.673639192857143,0.724711083333333,4.45187959642857,4.51649985,282.558814160714,NA,NA,NA
"McBrid_Site 2_Cryptantha_cinerea_Survey 1","7/27/2019",44,219,135,68,245,2055,312,63,401,354,321,0.792,0.181,0.022,0.001,0,0,0.004,0,0,0,0,4776.0472962,0.3166,82,165,45,7131,278,-84,362,172,110,177,-5,566,75,12,37,194,65,157,160,2.94501750833333,2.9470215,1.91821145,2.06512453333333,284.149305671429,NA,NA,NA
"McCall_Site 3_Ageratina_altissima_Survey 1","9/20/2020",55,242,134,52,290,5973,412,58,128,582,570,0.783,0.179,0.034,0.001,0.002,0,0,0,0.001,0,0,8767,0.9091,100,120,32,9057,287,-87,374,192,-23,211,-23,1024,112,58,20,323,195,310,195,0.2322285875,0.2333374,1.72104754702381,2.65386961666667,285.437129466667,NA,NA,NA
"McCall_Site 3_Vernonia_gigantea_Survey 1","8/29/2020",51,261,134,60,273,6278,412,55,122,605,570,0.782,0.188,0.026,0,0.004,0,0,0,0,0,0,8570,0.9091,100,120,32,9057,287,-87,374,192,-23,211,-23,1024,112,58,20,323,195,310,195,0.2322285875,0.2333374,1.72104754702381,2.65386961666667,285.437129466667,NA,NA,NA
"McCall_Site 7_Persicaria_virginiana_Survey 1","9/17/2020",59,256,130,51,300,7292,420,56,115,586,843,0.594,0.222,0.135,0.001,0.01,0,0,0,0.038,0,0,8477,0.8979,101,121,32,9057,288,-87,375,193,-22,212,-22,1021,111,58,20,322,194,309,194,0.2322285875,0.2333374,1.72104754702381,2.65386961666667,285.437129466667,NA,NA,NA
"McCall_Site 8_Urtica_dioica_Survey 1","9/27/2020",58,267,131,53,315,7326,421,55,123,562,874,0.553,0.352,0.073,0,0,0,0,0,0.022,0,0,8514,0.8979,101,121,32,9057,288,-87,375,193,-22,212,-22,1021,111,58,20,322,194,309,194,0.2322285875,0.2333374,1.72104754702381,2.65386961666667,285.437129466667,NA,NA,NA
"Merwin_Site 1_Apocynum_cannabinum_Survey 1","7/14/2020",55.8032502,236.7443705,132.0337517,46.818935,290.4556012,6303.591276,412.7873531,61.3468347,262.8130576,447.1023226,652.0224153,0.428,0.12,0.093,0,0.359,0,0,0,0,0,0,6539,0.7638,101,105,29,9150,287,-75,362,193,-10,215,-21,911,91,53,16,263,182,263,183,0.287156610714286,0.314900716666667,0.28444344702381,0.372701,286.208658242857,NA,NA,NA
"Merwin_Site 1_Asclepias_incarnata_Survey 1","7/23/2020",56,235,132,45,289,6301,436,63,247,464,700,0.532,0.131,0.131,0.001,0.204,0,0,0,0.001,0,0,6539,0.7638,101,105,29,9150,287,-75,362,193,-10,215,-21,911,91,53,16,263,182,263,183,0.287156610714286,0.314900716666667,0.28444344702381,0.372701,286.208658242857,NA,NA,NA
"Mijang_Site 1_Asclepias_asperula_Survey 1","6/9/2021",51,227,156,120,287,2734,325,74,264,449,282,0.63,0.299,0.012,0.002,0,0,0,0,0.057,0,0,6969.8327575,0.4121,186,130,38,7166,347,13,334,225,102,274,91,786,114,41,32,271,142,179,144,1.38021633571429,1.62630208333333,4.95445907440476,4.96112063333333,294.788942073809,NA,NA,NA
"Mills_Site 1_Acacia_dealbata_Survey 1","5/16/2020",39,225,118,97,122,2904,382,60,668,210,377,0.201,0.612,0.124,0,0.009,0,0,0,0.054,0,0,5122,0.4803,129,134,47,5184,280,-4,284,125,69,195,62,683,68,45,10,190,155,166,157,2.81405639166667,2.81821696666667,1.87274169583333,1.88716635,286.162088860714,NA,NA,NA
"Mills_Site 2_Doryanthes_excelsa_Survey 1","8/20/2020",56,242,107,133,163,2851,394,51,645,191,498,0.996,0,0.004,0,0,0,0,0,0,0,0,8407,0.8676,165,98,48,3777,259,55,204,209,121,210,114,1431,178,61,29,491,228,411,325,1.2198486,1.2198486,1.97887674940476,2.02097574047619,291.123801341667,NA,NA,NA
"Mills_Site 3_Taraxacum_officinale_Survey 1","6/5/2020",42.0243696,233.681023,116.7688498,94.3767644,123.166727,2772.5258777,374.465798,60.938714,634.4859452,242.377247,319.8072923,0.308,0.234,0.394,0.008,0.055,0,0,0,0.001,0,0,5239,0.477,129,134,47,5182,280,-4,284,125,69,195,62,682,68,45,10,191,155,166,157,2.81405639166667,2.81821696666667,1.87274169583333,1.88716635,286.162088860714,NA,NA,NA
"Moles_Site 1_Acacia_longifolia_Survey 1","2/11/2020",59.9971056,240.804631,105,92.2011577,179.0028944,3136.853835,501.8017366,52,616.3965268,205.6005789,681.3751486,0.284,0.211,0.226,0.011,0.268,0,0,0,0,0,0,5937,0.768,175,87,46,3611,259,72,187,217,132,217,125,1218,146,59,25,394,214,330,287,1.90003968333333,1.9509481,2.39090474583333,2.41233316666667,292.203113546429,NA,NA,NA
"Moles_Site 1_Acacia_suaveolens_Survey 1","2/11/2020",59.9971056,240.804631,105,92.2011577,179.0028944,3136.853835,501.8017366,52,616.3965268,205.6005789,681.3751486,0.295,0.186,0.237,0.014,0.268,0,0,0,0,0,0,5937,0.768,175,87,46,3611,259,72,187,217,132,217,125,1218,146,59,25,394,214,330,287,1.90003968333333,1.9509481,2.39090474583333,2.41233316666667,292.203113546429,NA,NA,NA
"Moles_Site 1_Taraxacum_officinale_Survey 1","7/7/2020",57.9656792,258.1539867,98.233079,87.9573927,193.442255,3295.0083518,519.0845622,56.5908913,595.3775936,211.6631867,666.8428785,0.295,0.155,0.514,0.009,0.015,0,0,0.012,0,0,0,4213,0.8443,176,92,47,3700,263,70,193,220,133,220,126,1295,155,65,27,429,224,358,305,0,0,2.40566437083333,2.46471878333333,291.925734069048,NA,NA,NA
"Moles_Site 3_Plantago_lanceolata_Survey 1","2/3/2020",58.9983993,265.4582897,111.7583275,101.5938866,193.8950933,3022.5587022,519.5295512,55.3693283,619.5615034,186.1525272,631.1220397,0.223,0.225,0.55,0,0.001,0,0,0,0.001,0,0,3634,0.7718,176,90,47,3627,261,72,189,218,134,219,127,1267,145,59,25,405,230,343,314,1.90003968333333,1.9509481,2.39090474583333,2.41233316666667,292.203113546429,NA,NA,NA
"Moore_Site 1_Aralia_nudicaulis_Survey 1","9/18/2020",64,401,110,56,145,11321,478,46,425,430,2474,0.719,0.188,0.088,0,0.002,0,0,0,0.003,0,0,8416,1.0373,68,125,30,9854,273,-140,413,21,-51,191,-65,1071,111,68,12,303,228,269,238,0,0,2.93376813690476,4.8873698,282.173309714286,NA,NA,NA
"Moore_Site 1_Mitchella_repens_Survey 1","9/27/2020",58,380,112,63,147,10899,459,46,453,400,2219,0.709,0.199,0.081,0,0.003,0,0,0,0.008,0,0,7783,1.0339,68,125,30,9850,274,-140,414,22,-51,191,-64,1064,110,68,11,301,227,267,237,0,0,2.93376813690476,4.8873698,282.173309714286,NA,NA,NA
"Moore_Site 1_Sanguinaria_canadensis_Survey 1","7/7/2020",50,382,115,121,155,10572,464,58,377,467,1300,0.622,0.272,0.002,0,0.014,0,0,0,0.09,0,0,6811,1.1397001,53,123,29,10150,259,-162,421,5,-71,179,-85,1061,111,72,12,301,223,275,247,0,0,2.94821166964286,4.84084068333333,281.565144840476,NA,NA,NA
"Moreir_Site 1_Castanea_sativa_Survey 1","10/10/2019",94,421,106,155,124,8059,572,48,629,247,827,0.605,0.316,0.076,0,0,0,0.003,0,0,0,0,7246,1.5674,137,72,38,4014,240,55,185,94,188,189,87,1476,238,33,49,588,131,148,577,2.89816576785714,3.43701173333333,1.6306980702381,1.6361491,287.344661730952,NA,NA,NA
"Moreir_Site 2_Castanea_sativa_Survey 1","10/22/2019",93,457,111,170,146,7117,648,50,592,261,993,0.635,0.262,0.097,0.001,0,0,0.005,0,0,0,0,7432,1.6125,137,66,38,3798,233,62,171,97,186,187,90,1512,243,34,49,610,132,150,596,2.75565883452381,3.06862383333333,2.19921148214286,2.2144165,288.798750727381,NA,NA,NA
"Moreir_Site 2_Plantago_lanceolata_Survey 1","9/22/2020",95,451,116,200,119,6757,664,53,627,254,720,0.791,0.156,0.033,0.005,0,0,0.013,0,0.002,0,0,7665,1.5678999,141,65,38,3835,234,66,168,100,190,191,93,1458,230,32,49,586,126,145,569,2.90564546964286,3.3764852,0.279622408333333,0.28389485,288.145721209524,NA,NA,NA
"Moreir_Site 2_Quercus_robur_Survey 1","10/9/2019",88,454,105,146,128,9122,618,49,603,269,996,0.754,0.203,0.031,0,0.007,0,0.005,0,0,0,0,7799,1.54,134,75,39,4102,241,51,190,90,187,189,84,1508,246,33,50,602,132,147,596,2.78206378869048,3.2852376,0.545430516666667,0.54693605,287.638666010714,NA,NA,NA
"Moreir_Site 3_Castanea_sativa_Survey 1","10/23/2019",84,400,106,154,118,7822,573,51,602,280,1086,0.845,0.129,0.024,0,0,0,0.002,0,0,0,0,7494,1.5523,130,76,39,4114,239,45,194,86,183,184,79,1511,243,34,49,600,136,151,591,2.89816576785714,3.43701173333333,1.6306980702381,1.6361491,287.344661730952,NA,NA,NA
"Moreir_Site 3_Quercus_robur_Survey 1","10/21/2019",80,483,120,149,152,5660,552,53,607,242,849,0.45,0.385,0.143,0,0,0,0,0,0.022,0,0,6812,1.4177999,147,62,38,3751,236,74,162,107,195,195,99,1340,200,29,48,535,117,138,507,2.90564546964286,3.3764852,0.279622408333333,0.28389485,288.145721209524,NA,NA,NA
"Moreir_Site 4_Plantago_lanceolata_Survey 1","9/16/2020",82,565,120,152,117,6064,609,53,631,252,1428,0.464,0.323,0.198,0,0,0,0,0,0.015,0,0,6376,1.4333,144,61,37,3742,233,72,161,104,192,192,97,1391,211,31,48,556,122,143,531,2.90564546964286,3.3764852,0.279622408333333,0.28389485,288.145721209524,NA,NA,NA
"Moreir_Site 4_Quercus_robur_Survey 1","10/3/2019",90,441,117,171,133,6402,598,55,603,264,738,0.476,0.373,0.123,0.025,0,0,0,0,0.003,0,0,6076,1.4396,146,62,38,3755,236,73,163,106,194,195,99,1352,203,30,48,540,118,139,514,2.90564546964286,3.3764852,0.279622408333333,0.28389485,288.145721209524,NA,NA,NA
"Morris_Site 1_Datura_wrightii_Survey 1","9/14/2020",42,124,138,16,233,1577,223,82,389,377,110,0.207,0.065,0.097,0.512,0.013,0,0.103,0,0.003,0,0,1423,0.0387,197,148,37,8683,404,13,391,109,238,310,88,96,12,2,33,30,11,23,29,0.514973954166667,0.515625,4.0858154,4.0858154,296.85344979881,NA,NA,NA
"Morris_Site 2_Passiflora_incarnata_Survey 1","10/26/2020",35,200,130,4,183,5488,372,57,39,778,409,0.604,0.152,0.234,0.001,0,0,0,0,0.009,0,0,6489,1.0068001,193,119,41,6244,327,40,287,269,200,269,109,1535,159,85,14,433,315,433,411,2.46738178690476,3.03202313333333,2.55840192202381,2.62304686666667,294.440346134524,NA,NA,NA
"Morris_Site 3_Passiflora_incarnata_Survey 1","10/26/2020",36,222,150,27,273,2892,322,64,338,389,463,0.455,0.532,0.011,0,0,0,0,0,0.002,0,0,6672,0.6241,202,126,39,6784,361,41,320,239,127,286,111,1036,127,52,25,314,215,221,230,1.46244013214286,1.75834148333333,0,0,295.471187096429,NA,NA,NA
"Morris_Site 4_Passiflora_lutea_Survey 1","10/27/2020",35,200,150,9,285,4432,308,58,383,332,504,0.507,0.476,0.014,0,0.002,0,0,0,0.001,0,0,6220,0.6228,200,124,38,6818,359,41,318,238,285,285,110,1031,126,52,24,313,215,215,229,1.4613589452381,1.7690023,2.58508299166667,2.58555095,295.354612582143,NA,NA,NA
"Morris_Site 5_Passiflora_lutea_Survey 1","10/31/2020",45,175,146,108,316,5252,375,68,373,311,482,0.59,0.131,0.194,0.003,0.082,0,0,0,0,0,0,5601.599218,0.4443,201,123,38,6987,356,36,320,240,123,287,108,809,110,39,32,270,154,179,161,2.04621306309524,2.21754966666667,4.4836309452381,4.54113766666667,295.046084334524,NA,NA,NA
"Moshob_Site 1_Calotropis_procera_Survey 1","10/13/2020",26,151,148,78,200,1015,192,68,649,152,124,0.094,0.209,0.038,0.039,0,0,0.454,0,0.166,0,0,2077,0.301,225,126,60,2807,314,106,208,255,183,255,183,598,121,4,87,347,16,347,16,1.62118749404762,1.7561849,2.37239075416667,2.3831177,297.011168685714,NA,NA,NA
"Moshob_Site 2_Canna_indica_Survey 1","9/27/2020",63,148,124,52,338,2235,322,55,425,237,260,0.425,0.263,0.04,0.001,0.001,0,0.249,0,0.021,0,0,4904,0.7082,146,118,59,2739,222,25,197,175,106,175,106,1021,199,11,78,541,39,541,39,1.71015929583333,1.78214518333333,3.68232727083333,3.85483806666667,291.348518672619,NA,NA,NA
"Moshob_Site 3_Desmodium_incanum_Survey 1","10/1/2020",40,141,127,69,244,1888,270,59,537,219,223,0.627,0.068,0.267,0.002,0,0,0.026,0,0.01,0,0,4925,0.49,213,116,59,2577,298,104,194,242,175,242,175,869,184,10,84,485,32,485,32,1.8455607,1.92677813333333,2.09862264166667,2.16143798333333,295.062058415476,NA,NA,NA
"Muola-_Site 1_Campanula_rotundifolia_Survey 1","8/12/2020",70,454,56,113,64,9371,562,52,564,372,2187,0.788,0.021,0.002,0.004,0.185,0,0,0,0,0,0,8016.4308979,0.8562,-6,83,25,8315,162,-164,326,105,-73,105,-110,399,66,17,44,163,55,163,65,0.866765333333333,1.08569335,4.97080994583333,5.01430258333333,275.345381505952,NA,NA,NA
"Muola-_Site 1_Rhinanthus_minor_Survey 1","8/12/2020",70,454,56,113,64,9371,562,52,564,372,2187,0.735,0.033,0.002,0.001,0.228,0,0,0.001,0,0,0,8034.5773104,0.8562,-6,83,25,8315,162,-164,326,105,-73,105,-110,399,66,17,44,163,55,163,65,0.866765333333333,1.08569335,4.97080994583333,5.01430258333333,275.345381505952,NA,NA,NA
"Muola-_Site 1_Solidago_virgaurea_Survey 1","8/12/2020",70,454,56,113,64,9371,562,52,564,372,2187,0.781,0.029,0,0,0.19,0,0,0,0,0,0,8016.4308979,0.8562,-6,83,25,8315,162,-164,326,105,-73,105,-110,399,66,17,44,163,55,163,65,0.866765333333333,1.08569335,4.97080994583333,5.01430258333333,275.345381505952,NA,NA,NA
"Muola-_Site 2_Cornus_suecica_Survey 1","8/13/2020",73.6240949,485.536774,58.8726889,115.9376984,69.6356494,10065.0663688,556.3235865,51.3291018,589.1363118,341.1489755,2140.641497,0.534,0.029,0.004,0,0.433,0,0,0,0,0,0,8096,0.8757,-5,82,25,8140,160,-160,320,103,-71,103,-106,402,65,18,42,162,57,162,68,0.658477770833333,0.851888016666667,4.7291361625,4.8434245,275.483629213095,NA,NA,NA
"Muola-_Site 2_Epilobium_angustifolium_Survey 1","8/13/2020",73.6422265,474.5243378,59.9584285,113.6625749,64.4475237,10568.5311364,572.6824985,50.7875454,584.9125631,350.195647,2006.6617358,0.516,0.032,0.004,0,0.448,0,0,0,0,0,0,8390,0.8792,-5,82,25,8129,160,-160,320,103,-71,103,-105,402,65,18,42,162,57,162,68,0.658477770833333,0.851888016666667,4.7291361625,4.8434245,275.483629213095,NA,NA,NA
"Muola-_Site 3_Trifolium_pratense_Survey 1","8/14/2020",69,480,56,121,53,10878,558,50,588,358,2299,0.679,0.082,0.034,0.039,0.161,0,0,0.002,0,0.003,0,7696,0.8946,-4,82,25,8035,159,-157,316,103,-69,103,-103,404,65,18,42,162,57,162,69,0.658477770833333,0.851888016666667,4.7291361625,4.8434245,275.483629213095,NA,NA,NA
"Muola-_Site 4_Geranium_sylvaticum_Survey 1","8/13/2020",69.2905977,459.4923601,60,109.8951686,67.9543994,9543.0349221,561.6711594,51.2234015,557.8824934,374.2634241,2182,0.745,0.017,0.002,0.001,0.235,0,0,0,0,0,0,8053,0.8514,-6,83,25,8291,162,-164,326,105,-73,105,-109,399,66,17,44,163,55,163,65,0.866765333333333,1.08569335,4.97080994583333,5.01430258333333,275.345381505952,NA,NA,NA
"Muola_Site 1_Fragaria_vesca_Survey 1","10/14/2020",86,353,65,97,273,7603,571,50,417,311,1371,0.72,0.098,0.118,0.004,0.005,0,0,0,0.055,0,0,7111.5485042,0.9722,51,74,24,7925,215,-88,303,106,37,156,-47,663,77,34,27,211,109,188,159,2.77718680892857,2.90598551666667,4.25914727678571,4.57584635,280.959052766667,NA,NA,NA
"Muola_Site 2_Plantago_major_Survey 1","10/29/2020",81,401,80,128,278,7593,583,59,417,305,1009,0.405,0.149,0.248,0.058,0.134,0,0,0.006,0,0,0,7248,0.9687,53,74,24,7913,217,-86,303,108,39,158,-45,657,76,34,28,209,108,187,156,2.77718680892857,2.90598551666667,4.25914727678571,4.57584635,280.959052766667,NA,NA,NA
"Muola_Site 3_Taraxacum_officinale_Survey 1","10/16/2020",95.2995565,400.2998976,68.1587813,140.8996929,283.5001706,8746.2047083,691.6997612,52.6001365,377,339.4998294,1740.8632648,0.448,0.011,0,0,0.534,0,0,0.007,0,0,0,6371.4906938,0,47,72,22,8795.4735111,220.753148,-103.753148,324.5062961,104,-21,161.753148,-64.753148,616.5062961,79,29,32,219,97,189,117.753148,2.35079156666667,2.72613525,3.62231444761905,4.33394368333333,280.342155683333,NA,NA,NA
"Nakada_Site 1_Hypochaeris_radicata_Survey 1","9/25/2020",98,241,108,28,177,5313,530,55,457,366,705,0.495,0.088,0.359,0.002,0,0,0,0,0.056,0,0,6778,1.1069,147,86,27,7566,300,-9,309,219,51,245,51,1372,183,46,37,487,167,432,167,2.68469891607143,3.03131103333333,3.69256593333333,3.76283775,289.285195521429,NA,NA,NA
"Nakada_Site 1_Lespedeza_pilosa_Survey 1","8/22/2020",97,248,104,31,152,5313,532,55,462,386,718,0.59,0.107,0.161,0.006,0,0,0,0,0.136,0,0,7181,1.0881,148,85,27,7571,301,-7,308,220,52,245,52,1375,184,46,37,488,167,432,167,2.68469891607143,3.03131103333333,3.69256593333333,3.76283775,289.285195521429,NA,NA,NA
"Nakada_Site 1_Pleioblastus_chino_Survey 1","9/21/2020",96,255,104,34,157,5250,540,56,469,374,718,0.577,0.11,0.164,0.012,0,0,0,0.002,0.135,0,0,6697,1.0881,148,85,27,7571,301,-7,308,220,52,245,52,1375,184,46,37,488,167,432,167,2.68469891607143,3.03131103333333,3.69256593333333,3.76283775,289.285195521429,NA,NA,NA
"Nakaji_Site 1_Carex_leucochlora_Survey 1","8/22/2020",97,248,104,31,152,5313,532,55,462,386,718,0.583,0.114,0.16,0.006,0,0,0,0.001,0.136,0,0,7181,1.0881,148,85,27,7571,301,-7,308,220,52,245,52,1375,184,46,37,488,167,432,167,2.68469891607143,3.03131103333333,3.69256593333333,3.76283775,289.285195521429,NA,NA,NA
"Nakaji_Site 1_Hydrocotyle_maritima_Survey 1","8/22/2020",97,248,104,31,152,5313,532,55,462,386,718,0.596,0.112,0.15,0.017,0,0,0,0.001,0.124,0,0,7181,1.0881,148,85,27,7571,301,-7,308,220,52,245,52,1375,184,46,37,488,167,432,167,2.68469891607143,3.03131103333333,3.69256593333333,3.76283775,289.285195521429,NA,NA,NA
"Nakaji_Site 1_Solidago_altissima_Survey 1","8/22/2020",97,248,104,31,152,5313,532,55,462,386,718,0.594,0.107,0.152,0.009,0,0,0,0.001,0.137,0,0,7181,1.0881,148,85,27,7571,301,-7,308,220,52,245,52,1375,184,46,37,488,167,432,167,2.68469891607143,3.03131103333333,3.69256593333333,3.76283775,289.285195521429,NA,NA,NA
"Novais_Site 1_Dalbergia_miscolobium_Survey 1","10/23/2020",52,144,125,84,281,2133,320,50,418,300,458,0.027,0.788,0.009,0.009,0,0,0.167,0,0,0,0,3980,1.1056,192,117,65,1815,274,94,180,207,170,211,165,1556,323,9,83,847,32,622,51,2.08854167083333,2.13920085,2.1542104,2.23665363333333,294.635575665476,NA,NA,NA
"Novais_Site 1_Kielmeyera_petiolaris_Survey 1","10/22/2020",52,144,124,84,281,2133,320,50,418,300,453,0.02,0.756,0.006,0.007,0,0,0.211,0,0,0,0,4403,1.1056,192,117,65,1815,274,94,180,207,170,211,165,1556,323,9,83,847,32,622,51,2.08854167083333,2.13920085,2.1542104,2.23665363333333,294.635575665476,NA,NA,NA
"Novais_Site 1_Pleroma_candolleanum_Survey 1","10/24/2020",51,146,125,82,283,2190,322,50,418,299,458,0.048,0.767,0.011,0.009,0,0,0.165,0,0,0,0,3980,1.1056,192,117,65,1815,274,94,180,207,170,211,165,1556,323,9,83,847,32,622,51,2.08854167083333,2.13920085,2.1542104,2.23665363333333,294.635575665476,NA,NA,NA
"Pan_Site 1_Antennaria_neglecta_Survey 1","4/25/2021",40,166,143,15,235,8733,250,60,448,317,489,0.735,0.222,0.039,0.002,0,0,0,0,0.002,0,0,5090,0.5277,153,131,33,8965,345,-44,389,242,35,266,35,866,132,27,41,315,102,255,102,2.07295736011905,2.19173176666667,1.76763479464286,2.10611976666667,290.621819478571,NA,NA,NA
"Pan_Site 1_Antennaria_neglecta_Survey 2","6/22/2021",40,166,143,15,235,8733,250,60,448,317,489,0.754,0.209,0.034,0.003,0,0,0,0,0,0,0,6768,0.5277,153,131,33,8965,345,-44,389,242,35,266,35,866,132,27,41,315,102,255,102,2.07295736011905,2.19173176666667,1.76763479464286,2.10611976666667,290.621819478571,NA,NA,NA
"Pan_Site 1_Artemisia_ludoviciana_Survey 1","4/18/2021",39,167,144,27,218,6940,244,61,462,320,460,0.756,0.185,0.05,0.004,0,0,0,0,0.005,0,0,4222,0.5277,153,131,33,8965,345,-44,389,242,35,266,35,866,132,27,41,315,102,255,102,2.07295736011905,2.19173176666667,1.76763479464286,2.10611976666667,290.621819478571,NA,NA,NA
"Pan_Site 1_Artemisia_ludoviciana_Survey 1","4/25/2021",39,167,144,27,218,6940,244,61,462,320,460,0.746,0.205,0.043,0.002,0,0,0,0,0.004,0,0,5010,0.5277,153,131,33,8965,345,-44,389,242,35,266,35,866,132,27,41,315,102,255,102,2.07295736011905,2.19173176666667,1.76763479464286,2.10611976666667,290.621819478571,NA,NA,NA
"Pan_Site 1_Pediomelum_tenuiflorum_Survey 1","4/17/2021",39,167,143,27,218,6940,244,61,462,320,460,0.737,0.219,0.037,0.004,0.001,0,0,0,0.002,0,0,4222,0.5277,153,131,33,8965,345,-44,389,242,35,266,35,866,132,27,41,315,102,255,102,2.07295736011905,2.19173176666667,1.76763479464286,2.10611976666667,290.621819478571,NA,NA,NA
"Pan_Site 1_Pediomelum_tenuiflorum_Survey 2","6/22/2021",39,167,143,27,218,6940,244,61,462,320,460,0.726,0.228,0.042,0.003,0,0,0,0,0.001,0,0,8123,0.5277,153,131,33,8965,345,-44,389,242,35,266,35,866,132,27,41,315,102,255,102,2.07295736011905,2.19173176666667,1.76763479464286,2.10611976666667,290.621819478571,NA,NA,NA
"Pan_Site 1_Salix_reticulata_Survey 1","7/16/2022",63,353,104,103,209,7177,508,71,480,311,1099,0,0.002,0.001,0.345,0.138,0,0,0.136,0,0.378,0,3234,0.4867,-145,69,14,15179,121,-371,492,47,-323,55,-323,134,27,4,61,67,14,61,14,0.856811516666667,0.9115804,0,0,270.613039483333,NA,NA,NA
"Pan_Site 2_Taraxacum_ceratophorum_Survey 1","7/18/2022",71,323,102,146,207,7007,492,71,513,280,823,0,0.027,0.057,0.4,0.358,0,0,0.044,0,0.114,0,-1436,0.5028,-145,70,14,15193,121,-371,492,48,-323,56,-323,134,27,4,61,67,14,61,14,0.856811516666667,0.9115804,0,0,270.613039483333,NA,NA,NA
"Pan_Site 3_Astragalus_australis_Survey 1","7/19/2022",65.5975182,365.6421057,103.4881606,97.5678446,212.5946279,7449.1202358,544.2541138,70.0551466,476.3396663,310.9903657,1081.8213027,0,0,0,0.085,0.295,0,0,0.108,0,0.512,0,3244,0.4927,-145,69,14,15143,121,-370,491,47,-322,55,-322,135,27,4,60,67,14,61,14,0.856811516666667,0.9115804,0,0,270.613039483333,NA,NA,NA
"Pan_Site 4_Chamerion_latifolium_Survey 1","7/16/2022",58,361,104,114,258,5998,490,72,432,310,773,0,0.005,0,0.321,0.399,0,0,0.085,0,0.189,0.001,1906,0.4815,-145,69,13,15182,122,-371,493,47,-323,56,-323,135,27,4,60,67,14,61,14,0.810770679166667,0.89113365,0,0,271.779573771429,NA,NA,NA
"Pan_Site 5_Hedysarum_boreale_Survey 1","7/17/2022",67,317,101,120,216,6815,512,71,481,303,809,0,0.019,0.098,0.432,0.326,0,0,0.043,0,0.082,0,-1436,0.5038,-145,69,14,15184,121,-370,491,48,-322,56,-322,134,27,4,61,67,14,61,14,0.856811516666667,0.9115804,0,0,270.613039483333,NA,NA,NA
"Pan_Site 6_Hulteniella_integrifolia_Survey 1","7/18/2022",63,338,105,112,216,7388,501,71,478,306,908,0,0.006,0,0.385,0.206,0,0,0.105,0,0.298,0,3068,0.4923,-145,70,14,15188,121,-371,492,47,-323,56,-323,134,27,4,61,67,14,61,14,0.856811516666667,0.9115804,0,0,270.613039483333,NA,NA,NA
"Pan_Site 8_Plantago_lanceolata_Survey 1","7/8/2021",43.0019425,220.996115,146,39.988345,287.988345,4387.6938617,298.9941725,61.0019425,205.996115,507.0135975,274,0.248,0.192,0.461,0.014,0.083,0,0,0,0.002,0,0,3887,0.5308,153,131,33,8992,345,-47,392,242,33,266,33,874,131,28,40,313,103,255,103,2.76622227797619,2.85168458333333,1.48124187202381,1.90472413333333,290.646993444048,NA,NA,NA
"Pan_Site 9_Salix_arctica_Survey 1","7/17/2022",56,320,100,176,250,5187,517,67,397,354,767,0,0.003,0,0.228,0.041,0,0,0.008,0,0.72,0,4029,0.4507,-152,67,13,14998,109,-375,484,38,-328,46,-328,140,28,4,64,70,14,64,14,0.790685029166667,0.854207366666667,0,0,271.073572772619,NA,NA,NA
"Pardik_Site 1_Galium_album_Survey 1","9/5/2020",47,276,130,91,202,7486,435,62,362,436,565,0.29,0.152,0.524,0,0.031,0,0,0,0.003,0,0,5971,0.7826,83,96,32,7108,240,-51,291,173,3,173,-10,730,98,42,34,276,129,276,134,2.84497578928571,3.00516763333333,1.9140886672619,2.49597168333333,282.643217271429,NA,NA,NA
"Pareja_Site 1_Hypochaeris_chillensis_Survey 1","10/12/2020",48,145,116,100,363,1855,355,51,472,165,497,0.395,0.288,0.303,0.014,0,0,0,0,0,0,0,3007,1.1971,194,96,60,1907,273,114,159,216,170,218,170,1512,283,19,74,760,64,681,83,2.26019286666667,2.32346598333333,2.08175803392857,2.30510020238095,294.596374309524,NA,NA,NA
"Pareja_Site 2_Chaptalia_integerrima_Survey 1","11/4/2021",52.2235755,120.5273787,128.6673276,57.5401138,344.0192935,2508.139635,356.4454855,53.1586508,497.8180998,158.437192,339.0333664,0.339,0.156,0.386,0.006,0,0,0,0,0.113,0,0,4017,0.9429,194,117,63,2389,274,90,184,220,161,220,161,1318,231,28,65,640,102,640,102,2.89294432916667,2.9650472,2.277333575,2.43178303333333,295.720031529762,NA,NA,NA
"Pareja_Site 3_Tridax_procumbens_Survey 1","11/10/2021",52.0007531,113.4983683,133.522833,79.481215,349.47837,2058.2004853,333.0061083,54.9982428,507.5095808,142.5125931,278.2182875,0.241,0.143,0.54,0,0.008,0,0,0,0.068,0,0,4411,0.9486,196,117,63,2378,276,92,184,222,163,222,163,1316,232,28,65,638,103,638,103,2.6491088875,2.79695636666667,2.31248401071429,2.3957316,296.299833608333,NA,NA,NA
"Pareja_Site 4_Turnera_subulata_Survey 1","10/6/2020",50.5775069,113.2021003,133.6326216,62.4407654,342.7993655,2069.5576884,328.4872495,54.1078672,506.6685274,150.5007028,289.3139772,0.288,0.2,0.367,0,0.014,0,0,0,0.131,0,0,4497,0.948,197,117,63,2401,277,93,184,223,164,223,164,1315,234,28,65,639,103,639,103,2.6491088875,2.79695636666667,2.31248401071429,2.3957316,296.299833608333,NA,NA,NA
"Partha_Site 1_Bridelia_crenulata_Survey 1","12/4/2019",45,240,136,94,314,2151,301,66,366,319,341,0.863,0.022,0.08,0.004,0,0,0.02,0,0.011,0,0,7202,0.5612,282,85,51,2629,370,205,165,260,273,314,247,1146,277,8,88,642,35,176,175,1.39012873035714,1.36458333333333,1.96053056666667,1.96010331666667,302.92873759881,NA,NA,NA
"Partha_Site 1_Cissus_vitiginea_Survey 1","12/2/2019",47,280,135,134,321,2258,344,65,375,304,412,0.747,0.04,0.171,0.025,0.012,0,0,0,0.005,0,0,6722.4516483,0.5597,282,85,51,2680,370,204,166,260,273,315,246,1149,279,8,89,645,35,176,176,1.39012873035714,1.36458333333333,1.96053056666667,1.96010331666667,302.92873759881,NA,NA,NA
"Partha_Site 1_Desmodium_gangeticum_Survey 1","11/29/2019",48,282,135,132,324,2245,344,65,370,305,412,0.666,0.036,0.172,0.035,0.085,0,0.001,0,0.005,0,0,7881,0.5637,282,84,50,2655,370,205,165,261,273,315,247,1151,280,8,89,647,35,176,177,1.39012873035714,1.36458333333333,1.96053056666667,1.96010331666667,302.92873759881,NA,NA,NA
"Partha_Site 1_Lantana_camara_Survey 1","12/3/2019",49,273,135,132,322,2173,329,64,373,305,394,0.846,0.023,0.125,0.003,0,0,0,0,0.003,0,0,6996.1818676,0.5597,282,85,51,2680,370,204,166,260,273,315,246,1149,279,8,89,645,35,176,176,1.39012873035714,1.36458333333333,1.96053056666667,1.96010331666667,302.92873759881,NA,NA,NA
"Partha_Site 1_Morinda_pubescens_Survey 1","12/2/2019",49,284,134,138,323,2256,328,65,370,307,393,0.89,0.014,0.07,0.003,0,0,0.016,0,0.007,0,0,7251.0395562,0.5597,282,85,51,2680,370,204,166,260,273,315,246,1149,279,8,89,645,35,176,176,1.39012873035714,1.36458333333333,1.96053056666667,1.96010331666667,302.92873759881,NA,NA,NA
"Pawar_Site 1_Alternanthera_ficoidea_Survey 1","9/5/2020",40.2389113,336.8497984,146.7397929,214.0262097,391.1592742,1891.6542339,225.1592742,66,363,245.7610887,223.3588592,0.237,0.033,0.583,0.016,0,0,0.108,0,0.023,0,0,754,0.4436,249,130,52,2581,371,125,246,244,234,285,217,863,268,0,113,560,2,184,31,1.83174642916667,1.6710002,2.18026733333333,2.13435873333333,298.754979238095,NA,NA,NA
"Pawar_Site 2_Senna_obtusifolia_Survey 1","10/23/2020",46,291,145,282,348,1974,245,66,401,251,242,0.381,0.022,0.305,0.007,0,0,0.283,0,0.002,0,0,7737,0.438,245,129,53,2543,366,123,243,241,232,280,214,901,289,0,114,595,2,186,32,1.83174642916667,1.6710002,2.18026733333333,2.13435873333333,298.754979238095,NA,NA,NA
"Pawar_Site 2_Urena_lobata_Survey 1","9/24/2020",46,291,145,282,348,1974,245,66,401,251,242,0.328,0.032,0.32,0.007,0,0,0.313,0,0,0,0,5177,0.438,245,129,53,2543,366,123,243,241,232,280,214,901,289,0,114,595,2,186,32,1.83174642916667,1.6710002,2.18026733333333,2.13435873333333,298.754979238095,NA,NA,NA
"Paynte_Site 1_Celmisia_spectabilis_Survey 1","3/20/2020",130,348,86,157,283,7128,695,52,407,309,1741,0.473,0.459,0,0.052,0,0,0.009,0,0,0,0.007,6356.7786915,3.6666,54,90,44,3836,163,-39,202,50,101,102,3,3181,316,163,14,899,655,692,798,1.89682370119048,2.17378451904762,1.45620799880952,1.47645206428571,281.099672425,NA,NA,NA
"Paynte_Site 1_Gentianella_bellidifolia_Survey 1","3/20/2020",130,348,86,157,283,7128,695,52,407,309,1741,0.46,0.48,0,0.045,0,0,0.007,0,0,0,0.008,6356.7786915,3.6666,54,90,44,3836,163,-39,202,50,101,102,3,3181,316,163,14,899,655,692,798,1.89682370119048,2.17378451904762,1.45620799880952,1.47645206428571,281.099672425,NA,NA,NA
"Paynte_Site 1_Taraxacum_officinale_Survey 1","3/21/2020",100,329,106,58,187,4223,691,61,511,302,975,0.042,0.321,0.022,0,0,0,0,0,0.615,0,0,5071.1932854,0.8255,103,92,46,3704,202,4,198,108,148,148,52,945,87,65,9,247,227,227,236,2.3307364375,2.68853178333333,0,0,284.257385935714,NA,NA,NA
"Paynte_Site 3_Montigena_novae-zelandiae_Survey 1","3/19/2020",109,298,82,108,238,5768,733,52,456,306,1649,0.869,0.097,0,0.031,0,0,0.003,0,0,0,0,7124,1.3278,70,93,45,3894,178,-26,204,46,117,119,18,1618,157,89,13,450,337,350,434,1.72932870297619,2.10637264761905,0,0,283.113303192857,NA,NA,NA
"Paynte_Site 4_Ranunculus_paucifolius_Survey 1","3/19/2020",102,308,92,149,202,5471,732,57,498,300,1355,0.004,0.981,0.001,0.014,0,0,0,0,0,0,0,5208,1.4217,78,92,45,3785,182,-19,201,54,123,124,27,1884,187,100,13,524,391,410,483,1.45258150238095,1.8168044547619,0,0,281.667069278571,NA,NA,NA
"Pearse_Site 10_Lepidium_draba_Survey 1","6/1/2020",44,142,141,19,242,2567,236,75,523,235,253,0.049,0.565,0.009,0.043,0.065,0,0,0,0.269,0,0,4435,0.2028,97,167,38,9037,321,-110,431,190,-18,215,-18,347,62,7,60,160,25,132,25,1.05302066607143,1.36610921666667,0.945678733333333,0.9465332,285.69632704881,NA,NA,NA
"Pearse_Site 1_Bistorta_bistortoides_Survey 1","8/23/2020",52,283,106,223,168,4875,474,58,427,405,798,0.392,0.086,0.002,0.193,0.037,0,0,0,0,0.289,0.001,3387,0.5196,-20,119,36,7289,166,-158,324,-48,-9,77,-103,676,68,44,13,198,148,178,152,0,0,1.70592971964286,2.2471517,276.519037375,NA,NA,NA
"Pearse_Site 1_Erigeron_glacialis_Survey 1","8/23/2020",52,283,106,223,168,4875,474,58,427,405,798,0.384,0.077,0.001,0.188,0.05,0,0.001,0,0,0.299,0,3387,0.5196,-20,119,36,7289,166,-158,324,-48,-9,77,-103,676,68,44,13,198,148,178,152,0,0,1.70592971964286,2.2471517,276.519037375,NA,NA,NA
"Pearse_Site 1_Geum_rossii_Survey 1","8/23/2020",52,283,106,223,168,4875,474,58,427,405,798,0.355,0.097,0,0.22,0.04,0,0.001,0,0,0.287,0,3387,0.5196,-20,119,36,7289,166,-158,324,-48,-9,77,-103,676,68,44,13,198,148,178,152,0,0,1.70592971964286,2.2471517,276.519037375,NA,NA,NA
"Pearse_Site 1_Lepidium_draba_Survey 1","6/1/2020",45,147,137,28,295,2851,241,76,431,273,223,0.063,0.533,0.043,0.011,0.047,0,0,0,0.303,0,0,4920,0.214,97,164,38,8924,318,-106,424,190,-16,214,-16,352,62,8,54,154,29,125,29,1.05757577380952,1.40507,4.53633773690476,4.5440267,285.069431980952,NA,NA,NA
"Pearse_Site 1_Senecio_crassulus_Survey 1","8/23/2020",52,283,106,223,168,4875,474,58,427,405,798,0.404,0.066,0.001,0.205,0.039,0,0,0,0,0.285,0,3387,0.5196,-20,119,36,7289,166,-158,324,-48,-9,77,-103,676,68,44,13,198,148,178,152,0,0,1.70592971964286,2.2471517,276.519037375,NA,NA,NA
"Pearse_Site 3_Solidago_simplex_Survey 1","8/22/2020",53,211,121,129,209,3545,348,68,389,402,527,0.435,0.564,0,0.001,0,0,0,0,0,0,0,5242,0.2634,40,144,39,7736,245,-119,364,118,-52,144,-52,400,58,14,46,165,43,150,43,0.84988621547619,0.9874878,4.25771369345238,4.3355306,280.046593409524,NA,NA,NA
"Pearse_Site 4_Lepidium_draba_Survey 1","6/1/2020",48,154,142,29,301,2716,251,75,431,268,222,0.065,0.476,0.061,0.034,0.066,0,0,0,0.298,0,0,3733,0.2068,97,165,38,9007,320,-109,429,190,-18,215,-18,349,62,8,55,156,28,127,28,1.07660348214286,1.41054281666667,0.946777333333333,0.947469083333333,285.641745421429,NA,NA,NA
"Pearse_Site 5_Lepidium_draba_Survey 1","6/7/2020",44,208,146,8,373,2775,241,76,264,362,208,0.065,0.629,0,0.007,0.054,0,0,0,0.245,0,0,5344,0.1994,99,169,38,9397,328,-115,443,196,-20,222,-20,351,67,5,71,184,18,159,18,0.939091991666667,1.19856771666667,0,0,286.565786625,NA,NA,NA
"Pearse_Site 6_Lepidium_draba_Survey 1","6/1/2020",28,142,137,11,203,1704,196,74,556,241,158,0.034,0.612,0.003,0.019,0.033,0,0,0,0.299,0,0,5064,0.1961,98,171,38,9122,326,-113,439,192,-18,217,-18,343,62,6,62,163,22,138,22,0.903676345833333,1.12748208333333,0,0,286.305395338095,NA,NA,NA
"Pearse_Site 7_Lepidium_draba_Survey 1","6/7/2020",43,159,143,13,199,1983,248,73,550,251,173,0.095,0.475,0.311,0.044,0.05,0,0,0,0.025,0,0,3805,0.1939,99,170,38,9361,329,-116,445,196,-19,222,-19,341,65,5,71,176,17,152,17,0.974671860714286,1.26127113333333,0,0,286.338790915476,NA,NA,NA
"Pearse_Site 8_Lepidium_draba_Survey 1","6/7/2020",42,120,143,11,196,2833,205,74,562,242,179,0.018,0.527,0.037,0.004,0.181,0,0,0,0.233,0,0,4511,0.1914,97,175,39,9275,328,-117,445,192,-21,218,-21,341,63,5,68,172,19,149,19,0.893925995833333,1.11181643333333,0,0,286.528639502381,NA,NA,NA
"Pearse_Site 9_Lepidium_draba_Survey 1","6/7/2020",41,230,147,11,338,2160,267,76,243,418,208,0.108,0.518,0.019,0.006,0.05,0,0,0,0.299,0,0,5260,0.1974,99,169,38,9361,329,-115,444,196,-19,222,-19,346,66,5,72,180,17,156,17,0.972676591666667,1.2597046,0,0,286.422986541667,NA,NA,NA
"Penczy_Site 1_Plantago_lanceolata_Survey 1","8/25/2021",44.4280992,222.4258515,140.1311239,36.0218162,257.4442828,3571.9313254,441.6296806,63.6311085,89.0752856,653.4787392,376.3809905,0.431,0.221,0.314,0.005,0.009,0,0,0,0.02,0,0,5900,0.7023,127,127,32,9356,320,-74,394,127,0,243,0,994,104,50,19,292,185,269,185,2.98108564404762,3.00651043333333,1.8999517452381,2.9256795,287.811552878571,NA,NA,NA
"Penczy_Site 1_Plantago_rugelii_Survey 1","8/25/2021",44.4280992,222.4258515,140.1311239,36.0218162,257.4442828,3571.9313254,441.6296806,63.6311085,89.0752856,653.4787392,376.3809905,0.44,0.226,0.296,0.015,0.007,0,0,0,0.016,0,0,5900,0.7023,127,127,32,9356,320,-74,394,127,0,243,0,994,104,50,19,292,185,269,185,2.98108564404762,3.00651043333333,1.8999517452381,2.9256795,287.811552878571,NA,NA,NA
"Penczy_Site 2_Plantago_lanceolata_Survey 1","8/27/2021",43,243,146,24,296,3163,413,65,137,567,315,0.233,0.053,0.704,0.009,0,0,0,0,0.001,0,0,5275,0.6956,131,118,30,9410,320,-65,385,227,4,248,4,969,102,50,19,292,180,269,180,2.068836025,2.43629963333333,2.07140821845238,2.42378741666667,288.007129271429,NA,NA,NA
"Penczy_Site 2_Plantago_rugelii_Survey 1","8/27/2021",43,243,146,24,296,3163,413,65,137,567,315,0.251,0.041,0.691,0.016,0,0,0,0,0.001,0,0,5275,0.6956,131,118,30,9410,320,-65,385,227,4,248,4,969,102,50,19,292,180,269,180,2.068836025,2.43629963333333,2.07140821845238,2.42378741666667,288.007129271429,NA,NA,NA
"Penczy_Site 3_Plantago_lanceolata_Survey 1","8/24/2021",43,221,133,18,217,3975,448,58,60,723,422,0.695,0.084,0.221,0,0,0,0,0,0,0,0,7349,0.7082,127,122,31,9379,317,-71,388,222,0,244,0,990,104,50,19,294,184,271,184,2.2828020422619,2.3886719,1.68989344047619,2.39556886666667,287.971149136905,NA,NA,NA
"Penczy_Site 3_Plantago_rugelii_Survey 1","8/24/2021",43,221,133,18,217,3975,448,58,60,723,422,0.708,0.08,0.208,0.002,0.002,0,0,0,0,0,0,7349,0.7082,127,122,31,9379,317,-71,388,222,0,244,0,990,104,50,19,294,184,271,184,2.2828020422619,2.3886719,1.68989344047619,2.39556886666667,287.971149136905,NA,NA,NA
"Penczy_Site 4_Plantago_lanceolata_Survey 1","8/25/2021",49,247,146,28,262,3487,418,65,118,620,365,0.178,0.053,0.755,0.013,0.001,0,0,0,0,0,0,4449,0.7023,132,117,30,9423,321,-63,384,229,6,250,6,961,102,51,19,292,178,269,178,1.6578100375,2.00693766666667,2.13188244821429,2.42057293333333,287.965722016667,NA,NA,NA
"Penczy_Site 4_Plantago_rugelii_Survey 1","8/25/2021",49,247,146,28,262,3487,418,65,118,620,365,0.175,0.069,0.743,0.013,0,0,0,0,0,0,0,4449,0.7023,132,117,30,9423,321,-63,384,229,6,250,6,961,102,51,19,292,178,269,178,1.6578100375,2.00693766666667,2.13188244821429,2.42057293333333,287.965722016667,NA,NA,NA
"Penczy_Site 5_Plantago_lanceolata_Survey 1","8/27/2021",39,222,136,12,201,3148,441,62,74,725,419,0.674,0.191,0.119,0.005,0.002,0,0,0,0.009,0,0,7914,0.7216,125,132,33,9217,319,-78,397,178,-1,239,-1,992,110,51,19,296,179,268,179,2.9408482202381,2.97220865,2.68338303571429,3.92199706666667,287.51909150119,NA,NA,NA
"Penczy_Site 5_Plantago_rugelii_Survey 1","8/27/2021",39,222,136,12,201,3148,441,62,74,725,419,0.706,0.173,0.107,0.009,0,0,0,0,0.005,0,0,7914,0.7216,125,132,33,9217,319,-78,397,178,-1,239,-1,992,110,51,19,296,179,268,179,2.9408482202381,2.97220865,2.68338303571429,3.92199706666667,287.51909150119,NA,NA,NA
"Penczy_Site 6_Plantago_lanceolata_Survey 1","8/26/2021",39,222,136,12,201,3148,441,62,74,725,419,0.65,0.194,0.125,0.013,0.003,0,0,0,0.015,0,0,7914,0.7216,125,132,33,9217,319,-78,397,178,-1,239,-1,992,110,51,19,296,179,268,179,2.9408482202381,2.97220865,2.68338303571429,3.92199706666667,287.51909150119,NA,NA,NA
"Penczy_Site 6_Plantago_rugelii_Survey 1","8/26/2021",39,222,136,12,201,3148,441,62,74,725,419,0.683,0.179,0.119,0.006,0.004,0,0,0,0.009,0,0,7914,0.7216,125,132,33,9217,319,-78,397,178,-1,239,-1,992,110,51,19,296,179,268,179,2.9408482202381,2.97220865,2.68338303571429,3.92199706666667,287.51909150119,NA,NA,NA
"Penczy_Site 7_Plantago_lanceolata_Survey 1","8/23/2021",43.7721562,230.2970371,138,21.5098545,337.4571396,3553.2749298,430.0525354,64.5467598,105.0097892,557.532957,480,0.429,0.209,0.142,0.078,0.139,0,0,0,0.003,0,0,7097,0.6963,128,126,32,9357,320,-73,393,127,1,244,1,992,104,50,19,292,185,269,185,2.93509565238095,2.9601237,2.01891435357143,2.89719646666667,287.654737025,NA,NA,NA
"Penczy_Site 7_Plantago_rugelii_Survey 1","8/23/2021",43.7721562,230.2970371,138,21.5098545,337.4571396,3553.2749298,430.0525354,64.5467598,105.0097892,557.532957,480,0.435,0.218,0.131,0.067,0.146,0,0,0.001,0.002,0,0,7097,0.6963,128,126,32,9357,320,-73,393,127,1,244,1,992,104,50,19,292,185,269,185,2.93509565238095,2.9601237,2.01891435357143,2.89719646666667,287.654737025,NA,NA,NA
"Penczy_Site 8_Plantago_lanceolata_Survey 1","8/31/2021",46.1372809,232.244514,141.8841622,23.2222891,271.1381634,4057.5224054,408.5596341,61.7631885,110.9828299,617.863682,376.7454215,0.346,0.068,0.568,0.016,0.001,0,0,0,0.001,0,0,3560,0.6985,132,118,30,9442,322,-64,386,229,5,250,5,964,102,50,19,291,179,268,179,2.068836025,2.43629963333333,2.07140821845238,2.42378741666667,288.007129271429,NA,NA,NA
"Penczy_Site 8_Plantago_rugelii_Survey 1","8/31/2021",46.1372809,232.244514,141.8841622,23.2222891,271.1381634,4057.5224054,408.5596341,61.7631885,110.9828299,617.863682,376.7454215,0.323,0.079,0.581,0.014,0.002,0,0,0,0.001,0,0,3560,0.6985,132,118,30,9442,322,-64,386,229,5,250,5,964,102,50,19,291,179,268,179,2.068836025,2.43629963333333,2.07140821845238,2.42378741666667,288.007129271429,NA,NA,NA
"Penczy_Site 9_Plantago_lanceolata_Survey 1","8/23/2021",41,228,134,93,243,3529,425,64,155,601,431,0.983,0.011,0.006,0,0,0,0,0,0,0,0,8613,0.7274,124,126,32,9305,315,-77,392,124,-3,239,-3,999,107,51,19,295,185,270,185,2.953318275,2.97947183333333,2.51655360238095,3.75177003333333,287.546103710714,NA,NA,NA
"Penczy_Site 9_Plantago_rugelii_Survey 1","8/23/2021",41,228,134,93,243,3529,425,64,155,601,431,0.983,0.01,0.007,0,0,0,0,0,0,0,0,8613,0.7274,124,126,32,9305,315,-77,392,124,-3,239,-3,999,107,51,19,295,185,270,185,2.953318275,2.97947183333333,2.51655360238095,3.75177003333333,287.546103710714,NA,NA,NA
"Pepi_Site 1_Abronia_latifolia_Survey 1","8/9/2019",56.4558834,273.3097404,133.4952856,91.0376451,240.1092375,3777.2144812,428.1829007,61,482.6437394,277.7185119,687.1772047,0.027,0.288,0.012,0.057,0.615,0,0.001,0,0,0,0,3936,0.7818,127,119,60,2776,235,37,198,96,157,161,91,1012,214,2,88,548,13,22,543,3.04852004285714,2.97739666666667,3.13125611547619,3.08913168333333,288.592123820238,NA,NA,NA
"Pepi_Site 1_Eschscholzia_californica_Survey 1","5/7/2020",57.4699081,271.8757782,133.3591507,93.6694337,257.7088645,3834.4378891,430.1064334,61,465.2822413,277.8316039,699.6552033,0.012,0.207,0.013,0.058,0.708,0,0.002,0,0,0,0,5077.9754806,0,127.0659,119,60.0659,2775.7364001,234.9341,37.1318,197.8023001,96,157.0659,161.0659,91.0659,1011.1433003,213.8682,2,88,547.5387001,13,22,542.6046001,3.04852004285714,2.97739666666667,3.13125611547619,3.08913168333333,288.592123820238,NA,NA,NA
"Pepi_Site 1_Impatiens_parviflora_Survey 1","9/20/2020",82.5918545,341.329734,100.7132102,153.9736937,169.6384521,9326.8129575,556.7857091,52.9752881,398.0031162,432.6835278,934.7640435,0.32,0.046,0.04,0,0.594,0,0,0,0,0,0,7601,1.6022,100,76,33,5244,225,1,224,41,169,169,36,1209,187,35,52,526,125,125,482,2.64313471309524,2.81888833333333,3.95176696130952,4.26971433333333,283.131213254762,NA,NA,NA
"Pepi_Site 1_Lupinus_arboreus_Survey 1","7/12/2020",57.6572986,271.5327883,133.2752144,94.1166752,260.3161301,3846.4985522,430.3786408,61,462.6395844,277.9270993,705.1110657,0.023,0.209,0.019,0.058,0.688,0,0.003,0,0,0,0,4041.1268669,0,127.0821233,119,60.0821233,2775.6715068,234.9178767,37.1642466,197.7536301,96,157.0821233,161.0821233,91.0821233,1010.932397,213.8357534,2,88,547.4251368,13,22,542.5072601,3.04852004285714,2.97739666666667,3.13125611547619,3.08913168333333,288.592123820238,NA,NA,NA
"Pepi_Site 2_Dudleya_farinosa_Survey 1","8/8/2019",57.7953834,271.3300078,133.2804054,94.4808294,262.7216354,3854.5633803,430.6445618,61,460.2656495,277.943662,704.7736486,0.02,0.193,0.009,0.047,0.73,0,0.001,0,0,0,0,3936,0,127.075043,119,60.075043,2775.6998282,234.924957,37.1500859,197.7748711,96,157.075043,161.075043,91.075043,1011.0244416,213.8499141,2,88,547.4746993,13,22,542.5497423,3.04852004285714,2.97739666666667,3.13125611547619,3.08913168333333,288.592123820238,NA,NA,NA
"Pharty_Site 1_Argemone_mexicana_Survey 1","3/16/2020",38,191,139,92,285,1644,222,73,285,430,207,0.055,0.089,0.036,0.01,0.001,0,0,0,0.809,0,0,7199,0.4925,265,112,38,5260,404,112,292,295,259,323,188,921,251,2,123,688,19,144,28,1.50850641369048,1.27323403333333,2.31913468095238,2.28934735,300.086312752381,NA,NA,NA
"Pharty_Site 2_Calotropis_procera_Survey 1","3/8/2020",42,198,138,94,270,1642,234,72,296,434,195,0.013,0.129,0.063,0.026,0.016,0,0,0,0.753,0,0,5913,0.5009,265,112,38,5258,403,112,291,295,258,323,188,885,244,1,123,660,20,135,28,1.52582513452381,1.29058836666667,2.31956262857143,2.29156491666667,300.131887463095,NA,NA,NA
"Pharty_Site 2_Cullen_corylifolium_Survey 1","11/20/2021",36,200,138,85,275,1607,220,73,268,457,193,0.069,0.04,0.113,0.002,0,0,0,0,0.776,0,0,4692,0.4931,265,113,38,5273,405,112,293,295,258,324,188,932,256,2,123,697,19,146,28,1.31673176785714,1.04425048333333,1.11250814166667,1.10603841666667,300.29391404881,NA,NA,NA
"Pharty_Site 2_Psoralea_corylifolium_Survey 1","11/20/2021",36,200,138,85,275,1607,220,73,268,457,193,0.069,0.045,0.133,0.001,0,0,0,0,0.752,0,0,4692,0.4931,265,113,38,5273,405,112,293,295,258,324,188,932,256,2,123,697,19,146,28,1.31673176785714,1.04425048333333,1.11250814166667,1.10603841666667,300.29391404881,NA,NA,NA
"Pharty_Site 2_Senna_occidentalis_Survey 1","10/10/2020",35,203,139,56,306,1629,232,74,275,418,191,0.04,0.048,0.03,0,0,0,0,0,0.882,0,0,5930,0.4912,265,111,38,5255,403,112,291,295,257,322,188,904,247,1,123,678,18,141,26,1.45884922857143,1.15415446666667,1.30979918333333,1.30269365,300.422863830952,NA,NA,NA
"Pharty_Site 3_Marsilea_minuta_Survey 1","8/9/2020",36,211,140,81,274,1536,220,74,288,438,202,0.049,0.064,0.016,0.002,0.001,0,0.001,0,0.867,0,0,4163,0.4921,265,112,38,5264,404,112,292,295,258,323,188,924,252,2,122,691,19,144,28,1.31673176785714,1.04425048333333,1.11250814166667,1.10603841666667,300.29391404881,NA,NA,NA
"Pharty_Site 3_Ruellia_tuberosa_Survey 1","6/25/2020",35,209,140,81,274,1516,222,74,287,439,202,0.038,0.074,0.018,0.004,0,0,0,0,0.866,0,0,4165.8106542,0.4921,265,112,38,5264,404,112,292,295,258,323,188,924,252,2,122,691,19,144,28,1.31673176785714,1.04425048333333,1.11250814166667,1.10603841666667,300.29391404881,NA,NA,NA
"Pharty_Site 3_Shorea_robusta_Survey 1","10/17/2020",45,202,131,233,261,2532,267,69,301,438,256,0.866,0.113,0,0,0,0,0,0,0.021,0,0,7921,0.5236,260,112,38,5220,399,108,291,290,254,318,184,947,259,2,122,694,22,154,30,1.52582513452381,1.29058836666667,2.31956262857143,2.29156491666667,300.131887463095,NA,NA,NA
"Piper_Site 1_Adesmia_boronioides_Survey 1","2/20/2020",74,266,101,108,184,3713,556,70,605,211,839,0.097,0.82,0.01,0.005,0,0,0.067,0,0,0.001,0,4551,0.4492,71,87,45,4016,173,-20,193,21,120,120,17,508,79,19,51,219,62,62,204,0.468011017261905,0.471859859523809,2.14037503690476,2.35879367380952,278.703462478571,NA,NA,NA
"Piper_Site 2_Gunnera_tinctoria_Survey 1","2/13/2020",136,355,77,163,117,11240,790,51,492,390,1885,0.9,0.099,0,0,0,0,0,0,0,0.001,0,8140,2.1858001,52,83,48,3324,148,-24,172,13,92,94,8,1792,227,89,34,671,293,307,635,0.480285641666667,0.49253335,3.71912711428571,4.2402256452381,277.672971695238,NA,NA,NA
"Piper_Site 3_Gunnera_tinctoria_Survey 1","2/14/2020",124,357,73,146,119,11597,777,53,470,411,2448,0.951,0.013,0.003,0.019,0.014,0,0,0,0,0,0,8225,2.0366001,89,82,46,3510,188,10,178,48,130,133,42,1865,253,95,34,705,311,329,645,1.11076718809524,1.12536332619048,3.0316307452381,3.94639950714286,277.466936807143,NA,NA,NA
"Piper_Site 4_Pinus_contorta_Survey 1","7/9/2020",104,278,93,98,177,5816,702,57,502,322,1280,0.185,0.798,0.01,0.001,0,0,0,0,0.006,0,0,3548,1.1422,77,83,45,3744,176,-7,183,31,98,123,26,1132,175,52,43,462,177,186,405,0,0,2.3603515547619,3.44006347619048,278.488994295238,NA,NA,NA
"Piper_Site 4_Taraxacum_officinale_Survey 1","6/17/2020",104,279,93,96,174,6323,689,57,516,311,1280,0.167,0.807,0.01,0,0,0,0,0,0.016,0,0,6276,1.1585,77,83,45,3717,176,-6,182,32,99,123,26,1148,178,52,43,469,179,189,411,0,0,2.3603515547619,3.44006347619048,278.488994295238,NA,NA,NA
"Piper_Site 5_Taraxacum_officinale_Survey 1","2/27/2020",99,306,83,128,213,6565,723,56,484,304,1558,0.362,0.61,0.004,0.001,0.001,0,0,0,0.022,0,0,6550,1.3029,80,81,45,3633,177,-2,179,35,100,125,30,1321,206,61,41,531,211,225,463,0.12409465,0.1257324,2.53882272678571,3.57412576190476,277.690601697619,NA,NA,NA
"Poveda_Site 1_Barbarea_vulgaris_Survey 1","8/7/2020",62,275,117,78,234,6596,510,58,263,503,1083,0.757,0.18,0.013,0.001,0,0,0,0,0.049,0,0,8813,0.9028,80,119,31,8992,273,-99,372,171,-29,193,-39,900,97,49,19,268,163,267,166,0,0,2.53294881130952,4.22052001666667,282.557157291667,NA,NA,NA
"Poveda_Site 2_Lantana_camara_Survey 1","10/2/2019",84,254,109,156,432,4458,522,56,268,300,850,0.482,0.118,0.398,0,0,0,0,0,0.002,0,0,2407,0.8619,137,104,81,314,198,70,128,135,134,141,133,868,129,32,41,297,142,281,152,1.53818620654762,1.47821045,5.18080794702381,5.10170493333333,288.48618947381,NA,NA,NA
"Poveda_Site 2_Taraxacum_officinale_Survey 1","10/7/2019",84,254,109,156,432,4458,522,56,268,300,850,0.512,0.115,0.368,0.002,0,0,0,0,0.003,0,0,2407,0.8619,137,104,81,314,198,70,128,135,134,141,133,868,129,32,41,297,142,281,152,1.53818620654762,1.47821045,5.18080794702381,5.10170493333333,288.48618947381,NA,NA,NA
"Poveda_Site 3_Senecio_madagascariensis_Survey 1","8/25/2019",85,253,108,171,434,4503,526,56,265,301,906,0.507,0.154,0.334,0.002,0,0,0,0,0.003,0,0,4022,0.8619,137,104,81,314,198,70,128,135,134,141,133,868,129,32,41,297,142,281,152,1.53818620654762,1.47821045,5.18080794702381,5.10170493333333,288.48618947381,NA,NA,NA
"Pringl_Site 1_Asclepias_cryptoceras_Survey 1","7/21/2019",20,229,141,300,215,1172,146,76,409,376,125,0,0.233,0,0.72,0,0,0.047,0,0,0,0,1641,0.1273,93,167,42,7753,320,-76,396,4,191,197,-2,227,26,8,30,77,32,39,72,0.514487136904762,0.52101645,0,0,286.091036009524,NA,NA,NA
"Pringl_Site 1_Wyethia_mollis_Survey 1","7/20/2020",55,255,91,186,126,5982,447,58,590,285,869,0.984,0.015,0,0.001,0,0,0,0,0,0,0,5896,0.579,36,136,43,6282,219,-97,316,-22,120,121,-33,892,144,15,63,401,64,65,397,1.7810886952381,1.80055746666667,2.06771705833333,2.31933593333333,280.041723510714,NA,NA,NA
"Pringl_Site 2_Asclepias_speciosa_Survey 1","7/16/2020",38.8356272,174.9663676,140,169.700214,133.4402254,3107.5190741,316.9372313,67.6089765,647.4154085,219.240139,263,0.585,0.138,0.208,0.02,0.004,0,0.045,0,0,0,0,4139,0.1496,93,176,45,7130,311,-75,386,6,188,188,6,257,44,8,52,112,28,28,112,0.542334436904762,0.562967966666667,4.89135378690476,4.92036946666667,284.422578158333,NA,NA,NA
"Pringl_Site 3_Erigeron_glacialis_Survey 1","7/27/2020",49,233,98,212,60,6664,443,56,723,218,1028,0.827,0.145,0.006,0.012,0,0,0,0,0,0.01,0,5419.8770429,0.655,37,129,43,6034,206,-91,297,-18,118,119,-29,1146,192,15,69,536,64,69,505,2.48008365357143,2.5004883,2.56984528571429,2.88334146666667,278.552356865476,NA,NA,NA
"Pringl_Site 3_Heracleum_maximum_Survey 1","7/27/2020",49,233,98,212,60,6664,443,56,723,218,1028,0.818,0.165,0.003,0.004,0,0,0,0,0,0.01,0,5470.5620009,0.655,37,129,43,6034,206,-91,297,-18,118,119,-29,1146,192,15,69,536,64,69,505,2.48008365357143,2.5004883,2.56984528571429,2.88334146666667,278.552356865476,NA,NA,NA
"Puy_Site 1_Plantago_lanceolata_Survey 1","8/27/2020",73,260,100,157,247,6566,576,60,368,385,1286,0.561,0.386,0.022,0.022,0.009,0,0,0,0,0,0,5728.6901322,1.1253999,51,87,36,5310,184,-52,236,65,122,122,-13,1134,119,71,13,320,246,246,277,1.38394309047619,1.89003496666667,3.71055531369048,3.81260173333333,281.2080052,NA,NA,NA
"Puy_Site 2_Plantago_lanceolata_Survey 1","10/8/2020",55,292,114,116,304,5505,487,69,256,440,627,0.427,0.212,0.009,0,0,0,0.128,0,0.224,0,0,4975,0.6838,111,102,39,5538,258,-1,259,50,183,183,42,969,115,48,22,307,171,171,289,1.87021237440476,2.08896891666667,2.15544854583333,2.17991128333333,286.690731803571,NA,NA,NA
"Puy_Site 3_Taraxacum_officinale_Survey 1","10/16/2020",55,306.088813,124.4976359,127.5444065,335.3783091,4302.8894108,532.9884714,70,214.177626,450.4440649,547.5118203,0.219,0.056,0.715,0,0.004,0,0,0,0.006,0,0,4128,0.6967,123,101,39,5535,268,10,258,62,195,195,54,1042,133,48,26,348,177,177,329,2.33433095595238,2.83471676666667,2.46511114761905,2.49869793333333,286.201738734524,NA,NA,NA
"Quinte_Site 1_Alstroemeria_aurea_Survey 1","3/11/2020",103,259,85,89,127,6969,711,57,622,251,1653,0.755,0.241,0.003,0.001,0,0,0,0,0,0,0,7441,0.7361,58,118,51,4199,192,-37,229,5,112,112,5,861,156,23,58,400,91,91,400,0.863237659523809,0.894281285714286,1.2490997297619,1.42960610952381,283.756696675,NA,NA,NA
"Quinte_Site 2_Aristotelia_chilensis_Survey 1","3/6/2020",101.1219178,277.5133072,79.9914994,83.1264188,139.8135029,5287.4029354,668.1585127,58.5401174,604.3440313,255.8424658,1179.0547816,0.03,0.003,0,0,0.967,0,0,0,0,0,0,3665,0.861,84,117,50,4227,218,-13,231,30,139,139,30,1057,189,33,55,474,118,118,474,0.96594311547619,0.996410547619048,2.62337821666667,3.18203881666667,279.138209544048,NA,NA,NA
"Quinte_Site 3_Berberis_microphylla_Survey 1","10/31/2020",103,259,85,89,127,6969,711,57,622,251,1512,0.807,0.19,0.003,0,0,0,0,0,0,0,0,6093.6821228,0.7361,58,118,51,4199,192,-37,229,5,112,112,5,861,156,23,58,400,91,91,400,0.863237659523809,0.894281285714286,1.2490997297619,1.42960610952381,283.756696675,NA,NA,NA
"Quinte_Site 4_Nothofagus_dombeyi_Survey 1","10/20/2020",89,272,88,73,137,5734,715,57,613,250,976,0.812,0.069,0.116,0.003,0,0,0,0,0,0,0,5541,0.8072,81,116,50,4216,215,-16,231,28,136,136,28,1002,183,31,56,456,109,109,456,0.863237659523809,0.894281285714286,1.2490997297619,1.42960610952381,283.756696675,NA,NA,NA
"Quinte_Site 5_Taraxacum_officinale_Survey 1","10/17/2020",89,272,88,73,137,5734,715,57,613,250,976,0.827,0.067,0.103,0.003,0,0,0,0,0,0,0,5541,0.8072,81,116,50,4216,215,-16,231,28,136,136,28,1002,183,31,56,456,109,109,456,0.863237659523809,0.894281285714286,1.2490997297619,1.42960610952381,283.756696675,NA,NA,NA
"Rasman_Site 10_Plantago_lanceolata_Survey 1","8/20/2020",85,309,102,97,208,9489,661,56,395,397,1061,0.563,0.436,0,0,0.001,0,0,0,0,0,0,8048,1.6205,29,74,30,5965,159,-85,244,-46,103,105,-46,1579,154,117,9,433,365,390,433,1.92727224821429,2.3410848,3.69946070654762,4.30074056666667,278.872873227381,NA,NA,NA
"Rasman_Site 1_Plantago_lanceolata_Survey 1","9/10/2020",96,467,87,47,320,9840,682,52,242,438,1455,0.397,0.603,0,0,0,0,0,0,0,0,0,7159,1.8661,34,68,29,5814,158,-73,231,-27,45,108,-39,1647,167,117,11,470,375,418,468,2.97390675952381,3.03175865,2.37679253630952,3.4566447,282.096258915476,NA,NA,NA
"Rasman_Site 2_Plantago_lanceolata_Survey 1","8/11/2020",73,349,114,135,251,8091,556,61,389,359,1056,0.859,0.076,0.04,0,0.02,0,0,0,0.005,0,0,8207.4788931,0.979,89,95,33,6538,241,-41,282,171,86,171,3,823,88,54,14,230,176,230,207,2.18108549464286,2.56079101666667,3.49236115833333,4.20507811666667,278.891035563095,NA,NA,NA
"Rasman_Site 3_Plantago_lanceolata_Survey 1","8/14/2020",73.0649772,341.9496804,109.2816633,133.3614384,195.4036758,8843.9077169,599.3059589,62.3823516,491.5256621,313.0675114,1009.3590922,0.643,0.094,0.157,0,0.106,0,0,0,0,0,0,8343,1.1645,81,84,32,6259,223,-35,258,160,38,160,-1,1014,116,67,16,308,212,308,242,3.00238471785714,3.06724036666667,2.70835004642857,3.60264078333333,282.444823811905,NA,NA,NA
"Rasman_Site 4_Plantago_lanceolata_Survey 1","9/1/2020",94,277,95,81,183,8308,743,57,494,323,1060,0.825,0.109,0.064,0.002,0,0,0,0,0,0,0,8410,1.6859,73,73,29,6090,207,-41,248,151,-5,151,-5,1335,160,70,28,455,216,455,216,0.897790094047619,1.20733641666667,4.93768746369048,5.12091065,277.472967558333,NA,NA,NA
"Rasman_Site 5_Plantago_lanceolata_Survey 1","8/18/2020",99,343,93,89,237,8109,659,56,366,398,1266,0.827,0.171,0.002,0,0,0,0,0,0,0,0,8269,1.3276,50,82,31,6160,188,-71,259,-17,4,128,-30,1316,124,95,8,355,308,336,352,2.18108549464286,2.56079101666667,3.49236115833333,4.20507811666667,278.891035563095,NA,NA,NA
"Rasman_Site 6_Plantago_lanceolata_Survey 1","8/15/2020",95,412,110,46,306,7769,750,60,323,372,914,0.202,0.499,0.016,0.001,0,0,0,0,0.282,0,0,5641,1.436,69,80,31,6144,206,-45,251,147,26,147,-11,1165,122,79,13,334,253,334,297,3.00238471785714,3.06724036666667,2.70835004642857,3.60264078333333,282.444823811905,NA,NA,NA
"Rasman_Site 7_Plantago_lanceolata_Survey 1","9/2/2020",107,458,95,88,206,8945,700,56,423,371,1077,0.665,0.327,0.008,0,0,0,0,0,0,0,0,7474,1.9926,32,63,28,5737,153,-72,225,105,-39,105,-39,1528,175,89,22,498,284,498,284,0.897790094047619,1.20733641666667,4.93768746369048,5.12091065,277.472967558333,NA,NA,NA
"Rasman_Site 8_Plantago_lanceolata_Survey 1","8/19/2020",101,344,89,126,199,9198,688,57,395,406,1204,0.414,0.453,0,0.126,0,0,0,0,0,0.004,0.003,5691,1.7222,26,73,30,5890,155,-87,242,-48,99,101,-48,1613,158,119,9,444,371,396,444,1.92727224821429,2.3410848,3.69946070654762,4.30074056666667,278.872873227381,NA,NA,NA
"Rasman_Site 9_Plantago_lanceolata_Survey 1","9/3/2020",88,463,102,108,203,8154,649,56,466,331,1064,0.435,0.462,0,0.024,0,0,0,0,0,0.079,0,7565,1.9926,32,63,28,5737,153,-72,225,105,-39,105,-39,1528,175,89,22,498,284,498,284,0.897790094047619,1.20733641666667,4.93768746369048,5.12091065,277.472967558333,NA,NA,NA
"Rosche_Site 1_Centaurea_stoebe_Survey 1","8/10/2021",52,319,119,86,241,7957,434,61,295,464,690,0.553,0.076,0.315,0,0.056,0,0,0,0,0,0,6627,0.5833,90,82,32,6496,233,-22,255,174,16,174,7,486,62,27,31,178,84,178,87,2.83252752202381,2.9095866,2.09479412083333,2.27087401666667,284.399247475,NA,NA,NA
"Rosche_Site 1_Plantago_lanceolata_Survey 1","7/20/2021",51,325,116,78,203,8137,427,56,268,528,834,0.56,0.07,0.338,0,0.032,0,0,0,0,0,0,6139,0.5833,90,82,32,6496,233,-22,255,174,16,174,7,486,62,27,31,178,84,178,87,2.83252752202381,2.9095866,2.09479412083333,2.27087401666667,284.399247475,NA,NA,NA
"Rosche_Site 1_Plantago_lanceolata_Survey 2","8/12/2021",53,310,120,80,254,8526,378,56,212,535,851,0.715,0.138,0.111,0,0,0,0,0,0.036,0,0,3391.0474682,0.5864,91,82,32,6487,234,-21,255,175,17,175,9,477,61,27,31,175,82,175,84,2.83252752202381,2.9095866,2.09479412083333,2.27087401666667,284.399247475,NA,NA,NA
"Rosenh_Site 1_Lycopus_uniflorus_Survey 1","8/18/2020",73,430,95,85,75,9847,624,46,562,363,1883,0.368,0.004,0,0,0.628,0,0,0,0,0,0,8730,1.3299,44,122,31,9523,237,-156,393,153,-73,161,-84,1144,117,70,13,329,236,319,244,0,0,2.6183762375,4.49770101666667,280.667461275,NA,NA,NA
"Rosenh_Site 1_Platanthera_clavellata_Survey 1","8/13/2020",72.3166846,431.8747473,95,91.4822038,90.6258369,9797.4349735,622.3041467,45.8049994,567.8868431,341.4639338,1883,0.364,0.003,0,0,0.633,0,0,0,0,0,0,8328,1.3020999,46,122,30,9515,239,-156,395,154,-72,162,-82,1127,116,69,13,324,232,315,240,0,0,2.6183762375,4.49770101666667,280.667461275,NA,NA,NA
"Rosenh_Site 1_Sagittaria_cuneata_Survey 1","9/1/2020",73,430,95,85,75,9847,624,46,562,363,1883,0.392,0.002,0.001,0,0.605,0,0,0,0,0,0,8704,1.3299,44,122,31,9523,237,-156,393,153,-73,161,-84,1144,117,70,13,329,236,319,244,0,0,2.6183762375,4.49770101666667,280.667461275,NA,NA,NA
"Rosenh_Site 2_Taraxacum_officinale_Survey 1","8/11/2020",70.4329922,429.1408252,97.0422274,101.1409864,127.8146507,9206.275002,551.6925619,50.37775,510.616206,361.6801515,1507.4074059,0.504,0.009,0.019,0,0.468,0,0,0,0,0,0,8242.9377657,1.3243999,45,122,30,9530,238,-156,394,153,-73,161,-83,1146,117,70,13,329,236,319,245,0,0,2.6183762375,4.49770101666667,280.667461275,NA,NA,NA
"Runyon_Site 1_Balsamorhiza_sagittata_Survey 1","6/28/2019",62,238,106,195,232,6063,470,61,299,469,750,0.806,0.184,0,0,0,0,0,0,0.01,0,0,7629,0.3473,43,145,38,7921,254,-127,381,79,-56,147,-56,605,86,30,32,222,105,168,105,1.0726928625,1.2137858,3.67904153333333,4.11555986666667,279.055035072619,NA,NA,NA
"Runyon_Site 2_Lupinus_sericeus_Survey 1","7/12/2019",71,327,117,80,279,3947,493,62,311,410,567,0.101,0.862,0.01,0.002,0,0,0,0,0.025,0,0,8228.0157132,0.3612,53,140,36,8178,266,-118,384,89,-49,160,-49,531,79,23,37,205,80,154,80,1.95824032321429,2.25370281666667,3.38559104702381,3.82307941666667,278.637858959524,NA,NA,NA
"Runyon_Site 2_Potentilla_gracilis_Survey 1","8/8/2019",71,327,117,80,279,3947,493,62,311,410,567,0.082,0.891,0.01,0.003,0,0,0,0,0.014,0,0,8341,0.3612,53,140,36,8178,266,-118,384,89,-49,160,-49,531,79,23,37,205,80,154,80,1.95824032321429,2.25370281666667,3.38559104702381,3.82307941666667,278.637858959524,NA,NA,NA
"Runyon_Site 2_Potentilla_recta_Survey 1","8/9/2019",71,327,117,80,279,3947,493,62,311,410,567,0.1,0.871,0.008,0.007,0,0,0,0,0.014,0,0,8341,0.3612,53,140,36,8178,266,-118,384,89,-49,160,-49,531,79,23,37,205,80,154,80,1.95824032321429,2.25370281666667,3.38559104702381,3.82307941666667,278.637858959524,NA,NA,NA
"Sadeh_Site 1_Anthemis_galilae_Survey 1","4/23/2020",42,335,138,114,402,2812,359,77,211,387,440,0.438,0.252,0.109,0,0,0,0.029,0,0.172,0,0,6304,0.336,200,98,41,5251,318,83,235,132,260,263,132,539,148,0,111,357,0,2,357,0.286727895833333,0.285827633333333,1.08857582857143,1.01318361666667,294.304804671429,NA,NA,NA
"Sadeh_Site 2_Lomelosia_prolifera_Survey 1","5/3/2020",43,305,142,117,412,3139,393,76,196,392,486,0.36,0.459,0.038,0.007,0,0,0.058,0,0.078,0,0,6648,0.3414,198,98,41,5260,317,82,235,130,258,261,130,565,156,0,110,378,0,2,324,0.286727895833333,0.285827633333333,1.08857582857143,1.01318361666667,294.304804671429,NA,NA,NA
"Sakata_Site 1_Nephrophyllidium_crista-galli_Survey 1","9/9/2020",94,340,88,168,247,9641,695,51,424,329,1296,0.887,0.113,0,0,0,0,0,0,0,0,0,9042,2.6370001,23,80,23,9098,199,-138,337,139,-91,139,-91,1818,227,93,31,673,315,673,315,1.079834,1.079834,2.68351309702381,4.22094726666667,281.536803723809,NA,NA,NA
"Sakata_Site 1_Solidago_altissima_Survey 1","9/10/2016",82.1306498,246.8758071,116,88,296.3790356,5084.5677978,571.2548427,58,315.9935431,387.6274213,420,0.072,0.032,0.762,0.005,0.081,0,0,0,0.048,0,0,2061,1.1551,157,91,28,8189,327,5,322,259,54,263,54,1692,238,63,42,650,213,623,213,1.00379000357143,1.08258056666667,4.8894173672619,5.10957845,287.780343444048,NA,NA,NA
"Sakata_Site 2_Oenothera_biennis_Survey 1","9/29/2020",81,390,102,55,295,8094,566,51,313,392,799,0.773,0.062,0.095,0.022,0.042,0,0,0,0.006,0,0,7355.413784,1.5929,111,75,23,8740,285,-36,321,224,37,224,2,1680,177,97,21,525,310,525,393,2.2681579625,2.37347413333333,3.56380208928571,4.174174,285.610688091667,NA,NA,NA
"Sakata_Site 2_Plantago_lanceolata_Survey 1","8/3/2020",80,392,104,35,315,8103,574,51,295,391,788,0.754,0.068,0.11,0.015,0.051,0,0,0,0.002,0,0,6038.8931259,1.5929,111,75,23,8740,285,-36,321,224,37,224,2,1680,177,97,21,525,310,525,393,2.2681579625,2.37347413333333,3.56380208928571,4.174174,285.610688091667,NA,NA,NA
"Sakata_Site 3_Plantago_asiatica_Survey 1","8/1/2020",87,417,97,29,347,8285,608,51,292,361,875,0.223,0.044,0.186,0.004,0,0,0,0,0.543,0,0,6597,1.574,111,75,23,8764,285,-36,321,225,37,225,2,1681,177,97,21,526,310,526,393,2.2681579625,2.37347413333333,3.56380208928571,4.174174,285.610688091667,NA,NA,NA
"Sakata_Site 3_Taraxacum_officinale_Survey 1","8/1/2020",87,417,97,29,347,8285,608,51,292,361,875,0.227,0.032,0.207,0.002,0,0,0,0,0.532,0,0,6597,1.574,111,75,23,8764,285,-36,321,225,37,225,2,1681,177,97,21,526,310,526,393,2.2681579625,2.37347413333333,3.56380208928571,4.174174,285.610688091667,NA,NA,NA
"Sakata_Site 5_Solidago_altissima_Survey 1","9/2/2016",64,399,104,70,219,8609,573,52,374,407,645,0.594,0.068,0.069,0.012,0.09,0,0,0,0.167,0,0,7587,1.6999,112,79,23,9028,291,-41,332,228,86,228,-1,1689,180,103,20,509,316,509,431,2.87901960357143,2.9430542,2.66574968333333,3.8968099,285.235605555952,NA,NA,NA
"Salcid_Site 1_Clidemia_heterophylla_Survey 1","7/4/2019",65,268,101,66,354,4837,562,47,303,342,1109,0.994,0.006,0,0,0,0,0,0,0,0,0,8131,3.7572999,237,98,87,437,294,182,112,233,239,241,230,3897,445,213,22,1275,720,918,1234,0,0,4.89535522083333,5.38246665,295.632156091667,NA,NA,NA
"Salcid_Site 2_Fouquieria_splendens_Survey 1","8/3/2019",24,183,142,194,180,1168,163,69,611,209,108,0.007,0.358,0,0.002,0.04,0,0.588,0,0.005,0,0,2876,0.2017,167,169,50,6396,340,3,337,245,195,251,89,458,110,5,81,255,25,215,101,0.972261693452381,1.12371826666667,0,0,295.100049070238,NA,NA,NA
"Salcid_Site 2_Prosopis_velutina_Survey 1","7/18/2019",27,188,142,207,199,1405,169,68,586,214,119,0,0.4,0,0.003,0,0,0.58,0,0.017,0,0,2628,0.199,169,171,50,6443,343,3,340,248,197,253,90,452,109,5,82,252,25,213,100,0.972261693452381,1.12371826666667,0,0,295.100049070238,NA,NA,NA
"Salcid_Site 3_Hampea_appendiculata_Survey 1","1/4/2020",57,110,102,34,334,5850,408,49,374,292,447,0.978,0.018,0.002,0,0.002,0,0,0,0,0,0,8918,2.1745,261,89,77,754,323,208,115,262,268,272,252,3949,468,161,29,1258,579,742,1091,2.88894071607143,2.86277261666667,5.36734298571429,5.21348063333333,297.247347716667,NA,NA,NA
"Salcid_Site 4_Munnozia_pinnatipartita_Survey 1","7/6/2019",111,379,82,126,326,7665,723,52,359,315,1077,0.93,0.067,0,0,0,0,0.003,0,0,0,0,8687,2.1754999,167,123,89,447,236,98,138,167,169,170,159,2402,300,111,27,809,395,486,709,1.69120789166667,1.58605958333333,5.13149005833333,5.02085366666667,286.826660019048,NA,NA,NA
"Salcid_Site 5_Piper_kelleyi_Survey 1","7/3/2019",118,377,85,105,333,7749,710,51,351,316,1052,0.992,0.008,0,0,0,0,0,0,0,0,0,8399,2.2047,166,123,88,474,236,97,139,165,168,170,158,2421,302,109,28,817,393,488,722,1.69120789166667,1.58605958333333,5.13149005833333,5.02085366666667,286.826660019048,NA,NA,NA
"Sapir_Site 1_Iris_atrofusca_Survey 1","3/22/2020",23,282,145,198,296,1308,176,79,331,373,102,0.013,0.33,0.08,0.276,0,0,0.265,0,0.036,0,0,3305,0.1218,192,121,47,5020,322,65,257,124,250,251,124,262,62,0,108,167,0,0,167,0.502996530952381,0.4926961,2.44739422857143,2.43450928333333,296.135219710714,NA,NA,NA
"Sapir_Site 2_Iris_atropurpurea_Survey 1","2/27/2020",44,277,144,170,325,3253,350,74,289,386,329,0.257,0.153,0.381,0.001,0,0,0.042,0,0.166,0,0,6687,0.2953,197,111,47,4600,310,77,233,136,249,253,136,553,140,0,112,369,0,1,369,1.64439901666667,1.64371746666667,1.05894395,0.961262983333333,295.122896526191,NA,NA,NA
"Sapir_Site 3_Iris_atropurpurea_Survey 1","2/26/2020",37,251,140,156,326,3115,367,76,278,396,531,0.103,0.186,0.339,0.108,0.236,0,0.004,0,0.024,0,0,3125,0.3082,201.0225108,103.0950206,46,4574.5183425,312.1900412,91,221.1900412,160.0950206,251.1900412,258.0950206,142.0225108,558.7422216,151.5248971,0,117.9049794,390.2398353,0,1,376.1223039,2.84626335178571,2.8330892,1.71206809345238,1.64973956666667,295.516218969048,NA,NA,NA
"Sapir_Site 4_Iris_haynei_Survey 1","3/26/2020",43,385,134,185,513,3123,341,76,138,349,275,0.277,0.379,0.018,0.024,0,0,0.278,0,0.024,0,0,5864,0.2837,188,102,41,5631,313,68,245,114,252,253,114,456,110,0,107,301,0,0,301,0.298309333333333,0.2970988,1.13446408333333,0.981872533333333,294.071548507143,NA,NA,NA
"Sapir_Site 5_Iris_petrana_Survey 1","3/19/2020",25,182,140,219,273,1352,183,79,348,379,94,0,0.001,0.028,0.969,0,0,0.002,0,0,0,0,1522,0.1,184,120,46,5257,319,59,260,113,246,246,113,205,45,0,101,127,0,0,127,0.515250082738095,0.5153809,0,0,296.395551628571,NA,NA,NA
"Sasal_Site 1_Gavilea_lutea_Survey 1","10/29/2020",91.0416527,292.4158577,80.1972431,76.1755057,134.9950744,4959.0745062,679.2053465,57.4684138,628.4344603,236.2286356,1168.6598776,0.417,0.028,0,0,0.555,0,0,0,0,0,0,7656,0.8558,83,117,50,4200,217,-14,231,30,138,138,30,1059,191,33,55,475,118,118,475,0.96594311547619,0.996410547619048,2.62337821666667,3.18203881666667,279.138209544048,NA,NA,NA
"Sasal_Site 2_Maytenus_boaria_Survey 1","10/22/2020",101,276,86,73,126,5568,706,58,630,244,1475,0.765,0.227,0.008,0,0,0,0,0,0,0,0,4730,0.7339,59,118,51,4202,193,-37,230,5,113,113,5,871,158,23,58,404,92,92,404,0.863237659523809,0.894281285714286,1.2490997297619,1.42960610952381,283.756696675,NA,NA,NA
"Sasal_Site 2_Valeriana_carnosa_Survey 1","10/12/2020",102,274,84,89,121,6733,691,58,634,245,1705,0.806,0.188,0.006,0,0,0,0,0,0,0,0,6399,0.7654,73,117,50,4232,207,-24,231,19,127,127,19,922,168,27,58,426,98,98,426,0.863237659523809,0.894281285714286,1.2490997297619,1.42960610952381,283.756696675,NA,NA,NA
"Sasal_Site 3_Schinus_patagonicus_Survey 1","10/15/2020",91.0416527,292.4158577,80.1972431,76.1755057,134.9950744,4959.0745062,679.2053465,57.4684138,628.4344603,236.2286356,1168.6598776,0.452,0.022,0,0,0.526,0,0,0,0,0,0,7541.662504,0.8558,83,117,50,4200,217,-14,231,30,138,138,30,1059,191,33,55,475,118,118,475,0.96594311547619,0.996410547619048,2.62337821666667,3.18203881666667,279.138209544048,NA,NA,NA
"Sasal_Site 4_Taraxacum_officinale_Survey 1","10/9/2020",86,259,89,103,132,5316,689,61,606,262,905,0.653,0.132,0.137,0.002,0.075,0,0.001,0,0,0,0,6512,0.7337,79,117,50,4269,214,-18,232,25,134,134,25,920,164,28,59,427,96,96,427,0.228463308928571,0.238888692857143,0.390032829166667,0.445175916666667,285.234315507143,NA,NA,NA
"Sato_Site 1_Arabidopsis_halleri_Survey 1","5/21/2013",75,285,95,136,285,6207,650,49,379,335,892,0.971,0.008,0,0,0.021,0,0,0,0,0,0,7264,1.4194,132,87,27,8233,299,-19,318,203,53,238,29,1659,219,83,34,581,278,550,284,2.81624784404762,2.885966,3.74979800059524,4.20284016666667,286.981971621429,NA,NA,NA
"Sato_Site 1_Arabidopsis_halleri_Survey 2","5/20/2014",75,285,95,136,285,6207,650,49,379,335,892,0.969,0.012,0,0,0.018,0,0,0,0.001,0,0,7764,1.4194,132,87,27,8233,299,-19,318,203,53,238,29,1659,219,83,34,581,278,550,284,2.81624784404762,2.885966,3.74979800059524,4.20284016666667,286.981971621429,NA,NA,NA
"Sato_Site 1_Arabidopsis_halleri_Survey 3","5/19/2015",75,285,95,136,285,6207,650,49,379,335,892,0.958,0.019,0,0,0.023,0,0,0,0,0,0,7923,1.4194,132,87,27,8233,299,-19,318,203,53,238,29,1659,219,83,34,581,278,550,284,2.81624784404762,2.885966,3.74979800059524,4.20284016666667,286.981971621429,NA,NA,NA
"Sato_Site 1_Arabidopsis_halleri_Survey 4","5/13/2016",75,285,95,136,285,6207,650,49,379,335,892,0.979,0.011,0,0,0.01,0,0,0,0,0,0,7285,1.4194,132,87,27,8233,299,-19,318,203,53,238,29,1659,219,83,34,581,278,550,284,2.81624784404762,2.885966,3.74979800059524,4.20284016666667,286.981971621429,NA,NA,NA
"Sawant_Site 1_Ageratum_conyzoides_Survey 1","9/26/2020",46,289,145,248,356,1848,242,65,397,247,259,0.323,0.061,0.257,0.004,0.002,0,0.35,0,0.003,0,0,5177,0.438,245,129,53,2543,366,123,243,241,232,280,214,901,289,0,114,595,2,186,32,1.83174642916667,1.6710002,2.18026733333333,2.13435873333333,298.754979238095,NA,NA,NA
"Sawant_Site 2_Bauhinia_racemosa_Survey 1","10/17/2020",44,290,145,211,367,1844,224,65,396,237,229,0.262,0.039,0.383,0.009,0,0,0.268,0,0.039,0,0,6350,0.4308,246,129,53,2511,366,124,242,240,233,280,215,885,283,0,114,580,2,183,32,1.83174642916667,1.6710002,2.18026733333333,2.13435873333333,298.754979238095,NA,NA,NA
"Sawant_Site 2_Crinum_asiaticum_Survey 1","10/24/2020",48,289,145,236,370,1936,227,66,385,245,256,0.385,0.054,0.298,0.006,0,0,0.248,0,0.009,0,0,7543,0.4305,243,128,53,2508,364,123,241,237,231,278,213,918,299,0,115,607,2,187,33,1.83174642916667,1.6710002,2.18026733333333,2.13435873333333,298.754979238095,NA,NA,NA
"Schuma_Site 1_Taraxacum_officinale_Survey 1","6/27/2020",41,310,123.6719862,85,243,6615,429,61,394,363,625.3356662,0.465,0.163,0.359,0,0.012,0,0,0,0.001,0,0,6826,0.6168,89,81,31,6632,232,-28,260,173,13,173,3,529,62,30,24,182,98,182,101,2.21406046547619,2.40470378333333,2.1459234375,2.23425291666667,284.366037383333,NA,NA,NA
"Schuma_Site 2_Taraxacum_officinale_Survey 1","10/20/2020",41,310,123.6719862,85,243,6615,429,61,394,363,625.3356662,0.474,0.189,0.321,0,0.015,0,0,0,0.001,0,0,6215,0.6168,89,81,31,6632,232,-28,260,173,13,173,3,529,62,30,24,182,98,182,101,2.21406046547619,2.40470378333333,2.1459234375,2.23425291666667,284.366037383333,NA,NA,NA
"Schuma_Site 3_Taraxacum_officinale_Survey 1","10/30/2020",40,270,136,70,267,6317,368,67,223,509,529,0.044,0.036,0,0,0,0,0,0,0.92,0,0,5673.507577,0.6162,87,81,31,6546,231,-27,258,171,13,171,4,529,64,30,25,184,97,184,100,2.57901581666667,2.70528156666667,1.89198958035714,2.06903078333333,284.390408242857,NA,NA,NA
"Segoli_Site 1_Erodium_crassifolium_Survey 1","3/4/2020",25,190,140,212,260,1147,166,80,353,387,74,0,0.001,0.052,0.891,0.008,0,0.001,0,0.047,0,0,1556.3120901,0.0793,187,119,45,5168,320,61,259,117,248,248,117,161,34,0,101,99,0,0,99,0.515670770833333,0.515625,0,0,295.79369912619,NA,NA,NA
"Segoli_Site 2_Zygophyllum_dumosum_Survey 1","1/23/2020",25,173,139,278,255,1088,157,79,339,406,106,0.001,0,0.014,0.97,0,0,0.014,0,0.001,0,0,1388,0.084,184,117,45,5201,318,58,260,113,245,245,113,163,35,0,102,100,0,0,100,0.514816283333333,0.515625,0,0,294.934172709524,NA,NA,NA
"Segre_Site 1_Medicago_polymorpha_Survey 1","4/14/2020",42,272,149,82,336,2912,326,76,267,397,279,0.177,0.169,0.311,0.037,0,0,0.014,0,0.292,0,0,4643,0.3075,195,112,47,4610,309,75,234,134,248,251,134,571,147,0,113,384,0,1,384,0.47157795,0.4711914,1.4651256672619,1.41056311666667,295.571279692857,NA,NA,NA
"Segre_Site 1_Raphanus_raphanistrum_Survey 1","4/3/2020",41,270,149,104,346,2995,304,73,263,391,266,0.222,0.15,0.175,0.007,0,0,0.01,0,0.436,0,0,5592,0.2961,197,113,47,4672,313,77,236,136,251,254,136,540,134,0,111,360,0,1,360,1.64439901666667,1.64371746666667,1.05894395,0.961262983333333,295.122896526191,NA,NA,NA
"Shelef_Site 1_Cistus_salviifolius_Survey 1","10/25/2020",47,337,129,183,436,4254,399,71,192,372,431,0.839,0.042,0.086,0,0,0,0.028,0,0.005,0,0,4645,0.3964,177,92,37,5728,307,63,244,102,244,244,102,698,177,0,106,458,0,0,458,0,0,1.1997753375,1.09572346666667,293.187196454762,NA,NA,NA
"Shelef_Site 1_Salvia_sclarea_Survey 1","10/26/2020",47,337,129,183,436,4254,399,71,192,372,431,0.831,0.045,0.082,0,0,0,0.035,0,0.007,0,0,4645,0.3964,177,92,37,5728,307,63,244,102,244,244,102,698,177,0,106,458,0,0,458,0,0,1.1997753375,1.09572346666667,293.187196454762,NA,NA,NA
"Shelef_Site 1_Verbesina_encelioides_Survey 1","10/22/2020",43,255,147,73,334,3597,391,73,267,399,591,0.55,0.179,0.018,0.01,0.074,0,0.003,0.001,0.165,0,0,4732,0.3073,202,104,46,4698,314,91,223,141,254,260,141,574,153,0,117,391,0,1,391,1.18473236369048,1.16855878333333,1.46263921369048,1.4056193,296.006975916667,NA,NA,NA
"Shelef_Site 2_Heterotheca_subaxillaris_Survey 1","9/24/2020",47,285,148,91,325,3185,350,75,273,402,553,0.211,0.148,0.266,0.029,0,0,0.01,0,0.336,0,0,2950,0.3089,195,112,47,4615,309,75,234,134,248,252,134,573,148,0,114,385,0,1,385,0.47157795,0.4711914,1.4651256672619,1.41056311666667,295.571279692857,NA,NA,NA
"Shinoh_Site 1_Andropogon_virginicus_Survey 1","8/22/2020",97,248,104,31,152,5313,532,55,462,386,718,0.566,0.124,0.157,0.009,0,0,0,0.002,0.142,0,0,7181,1.0881,148,85,27,7571,301,-7,308,220,52,245,52,1375,184,46,37,488,167,432,167,2.68469891607143,3.03131103333333,3.69256593333333,3.76283775,289.285195521429,NA,NA,NA
"Shinoh_Site 1_Imperata_cylindrica_Survey 1","8/22/2020",97,248,104,31,152,5313,532,55,462,386,718,0.619,0.123,0.14,0.004,0,0,0,0.002,0.112,0,0,7181,1.0881,148,85,27,7571,301,-7,308,220,52,245,52,1375,184,46,37,488,167,432,167,2.68469891607143,3.03131103333333,3.69256593333333,3.76283775,289.285195521429,NA,NA,NA
"Shinoh_Site 1_Zoysia_japonica_Survey 1","8/22/2020",97,248,104,31,152,5313,532,55,462,386,718,0.595,0.111,0.15,0.01,0,0,0,0.001,0.133,0,0,7181,1.0881,148,85,27,7571,301,-7,308,220,52,245,52,1375,184,46,37,488,167,432,167,2.68469891607143,3.03131103333333,3.69256593333333,3.76283775,289.285195521429,NA,NA,NA
"Singh_Site 1_Geranium_pratense_Survey 1","6/20/2020",48,306,120,86,324,7489,475,67,194,482,660,0.478,0.112,0.401,0,0.005,0,0,0,0.004,0,0,5165,0.6333,87,84,33,6199,230,-23,253,167,9,167,9,557,76,31,29,199,101,199,101,2.47871034880952,2.68107096666667,2.02229018333333,2.39701335,283.649245559524,NA,NA,NA
"Smith_Site 1_Amsinckia_menziesii_Survey 1","3/9/2020",26,173,144,88,196,2737,215,68,453,351,115,0.061,0.174,0.356,0.069,0.002,0,0.336,0,0.002,0,0,3104,0.1301,177,162,50,5544,357,36,321,119,248,253,112,387,80,2,86,217,8,15,207,2.43211075833333,2.43363446666667,3.80491420535714,3.8047689,290.451853171429,NA,NA,NA
"Smith_Site 2_Eriodictyon_californicum_Survey 1","7/27/2020",38,197,124,132,185,3611,298,68,440,375,355,0.276,0.021,0.014,0.035,0,0,0.654,0,0,0,0,5157.4684779,0.1954,152,154,48,5901,333,13,320,91,229,234,84,672,134,2,90,382,9,21,360,2.69180226785714,2.69329835,2.82456243571429,2.83624268333333,289.693430586905,NA,NA,NA
"Smith_Site 2_Hesperoyucca_whipplei_Survey 1","7/20/2020",38,197,124,132,185,3611,298,68,440,375,355,0.305,0.02,0.012,0.032,0,0,0.631,0,0,0,0,4860,0.1954,152,154,48,5901,333,13,320,91,229,234,84,672,134,2,90,382,9,21,360,2.69180226785714,2.69329835,2.82456243571429,2.83624268333333,289.693430586905,NA,NA,NA
"Sobral_Site 1_Castanea_sativa_Survey 1","10/29/2020",106,412,98,142,163,8755,651,48,423,414,1382,0.806,0.164,0.004,0,0,0,0,0,0.026,0,0,8661,1.699,133,75,37,4024,247,46,201,92,185,188,85,1379,200,38,44,528,143,164,500,3.57059880297619,4.06449383333333,0,0,287.233001358333,NA,NA,NA
"Sobral_Site 2_Digitalis_purpurea_Survey 1","10/17/2020",85,303,101,207,154,7726,469,51,449,397,1135,0.807,0.174,0.006,0,0,0,0.012,0,0.001,0,0,7701,1.2029999,107,96,39,5087,247,3,244,50,174,175,46,985,131,28,39,368,113,122,350,2.5997750297619,3.13370768333333,2.3452155672619,2.41713461666667,284.608005266667,NA,NA,NA
"Sobral_Site 3_Laurus_nobilis_Survey 1","10/28/2020",111,424,98,135,173,8613,644,48,458,369,1382,0.788,0.184,0.002,0,0,0,0.001,0,0.025,0,0,8661,1.699,133,75,37,4024,247,46,201,92,185,188,85,1379,200,38,44,528,143,164,500,3.57059880297619,4.06449383333333,0,0,287.233001358333,NA,NA,NA
"Sobral_Site 4_Pentaglottis_sempervirens_Survey 1","10/18/2020",85,294,102,185,157,7848,456,51,462,380,1096,0.776,0.206,0.009,0,0,0,0.009,0,0,0,0,7413,1.2029999,107,96,39,5087,247,3,244,50,174,175,46,985,131,28,39,368,113,122,350,2.5997750297619,3.13370768333333,2.3452155672619,2.41713461666667,284.608005266667,NA,NA,NA
"Sobral_Site 5_Plantago_lanceolata_Survey 1","10/18/2020",85,303,101,207,154,7726,469,51,449,397,1135,0.767,0.213,0.007,0.001,0,0,0.012,0,0,0,0,7701,1.2029999,107,96,39,5087,247,3,244,50,174,175,46,985,131,28,39,368,113,122,350,2.5997750297619,3.13370768333333,2.3452155672619,2.41713461666667,284.608005266667,NA,NA,NA
"Sobral_Site 6_Rumex_obtusifolius_Survey 1","10/19/2020",81,327,110,180,207,8226,497,52,413,381,819,0.898,0.09,0.008,0,0,0,0.004,0,0,0,0,7637,1.1909,114,96,39,5102,252,8,244,56,181,181,52,938,125,26,39,350,106,106,333,2.46447244285714,2.99658201666667,1.21677651666667,1.22180175,285.175479332143,NA,NA,NA
"Stotz_Site 1_Aristolochia_chilensis_Survey 1","9/16/2020",39,265,96,207,186,3338,406,72,604,210,1163,0.003,0.043,0.033,0.256,0.573,0,0.092,0,0,0,0,3098,0.0793,150.5114215,77.2816455,55,2117.4837728,221.5487778,82.2671323,139.2816455,124.5114215,177.793067,178.5114215,124.5114215,91.4885785,23.2442892,0,111.7328677,64.4885785,0,0,64.4885785,1.30975051488095,1.29210264285714,0,0,294.285051676191,NA,NA,NA
"Stotz_Site 2_Cistanthe_sp_Survey 1","9/14/2020",42,167,126,184,117,2627,379,74,762,122,392,0.037,0.235,0.011,0.208,0,0,0.509,0,0,0,0,4400,0.0742,146,86,54,2388,227,70,157,117,178,178,117,87,24,0,107,62,0,0,62,1.2111300577381,1.19563513095238,2.33588154166667,2.33471678333333,294.541089178571,NA,NA,NA
"Stotz_Site 3_Encelia_canescens_Survey 1","9/8/2020",24,186,139,169,167,1524,270,79,645,188,139,0,0,0.022,0.978,0,0,0,0,0,0,0,1335,0.03,148,95,57,2420,235,69,166,123,179,180,118,70,20,0,117,49,0,0,48,0.920283726190476,0.898135221428571,1.59167334642857,1.58993965238095,293.724534261905,NA,NA,NA
"Stotz_Site 4_Flourensia_thurifera_Survey 1","9/10/2020",31,167,128,174,111,2473,356,75,687,202,305,0.001,0.036,0.017,0.898,0,0,0.048,0,0,0,0,1754,0.0492,148,83,55,2264,226,76,150,125,178,178,121,79,20,0,104,52,0,1,52,1.08174641666667,1.0709025,4.91280108333333,4.91162105,294.080734633333,NA,NA,NA
"Stotz_Site 4_Proustia_cuneifolia_Survey 1","9/10/2020",31,167,128,174,111,2473,356,75,687,202,305,0.001,0.036,0.017,0.9,0,0,0.046,0,0,0,0,1754,0.0492,148,83,55,2264,226,76,150,125,178,178,121,79,20,0,104,52,0,1,52,1.08174641666667,1.0709025,4.91280108333333,4.91162105,294.080734633333,NA,NA,NA
"Stotz_Site 5_Lobelia_polyphylla_Survey 1","9/7/2020",37,169,125,129,144,2429,351,74,717,139,308,0,0.032,0.001,0.456,0,0,0.511,0,0,0,0,2999,0.0575,154,88,56,2340,235,79,156,130,175,185,125,70,18,0,112,48,0,1,45,0.961159840476191,0.943312878571429,4.57040841309524,4.56276156904762,291.9228537,NA,NA,NA
"Stotz_Site 5_Senecio_brunonianus_Survey 1","9/8/2020",34,165,125,139,131,2515,350,74,717,152,304,0,0.028,0.006,0.481,0,0,0.485,0,0,0,0,2956,0.0577,153,89,57,2308,234,78,156,129,174,183,125,72,19,0,100,50,0,0,47,0.961159840476191,0.943312878571429,4.57040841309524,4.56276156904762,291.9228537,NA,NA,NA
"Stotz_Site 5_Senna_cumingii_Survey 1","9/9/2020",34,165,125,139,131,2515,350,74,717,152,304,0,0.035,0.004,0.481,0,0,0.48,0,0,0,0,2956,0.0577,153,89,57,2308,234,78,156,129,174,183,125,72,19,0,100,50,0,0,47,0.961159840476191,0.943312878571429,4.57040841309524,4.56276156904762,291.9228537,NA,NA,NA
"Stotz_Site 6_Plantago_hispidula_Survey 1","9/14/2020",42,165,122,163,114,2804,381,74,759,127,494,0.033,0.193,0.015,0.168,0,0,0.591,0,0,0,0,4400,0.0764,147,84,54,2388,226,71,155,117,178,178,117,87,24,0,107,62,0,0,62,1.2111300577381,1.19563513095238,2.33588154166667,2.33471678333333,294.541089178571,NA,NA,NA
"Tack_Site 1_Plantago_lanceolata_Survey 1","8/19/2020",109,403,99,101,253,10284,571,59,429,318,1160,0.45,0.112,0.128,0,0.307,0,0,0.003,0,0,0,6955,0.7205,70.7773851,64,23,7306.0245563,222.7773851,-48.5089944,271.2863795,156.7773851,10.2683907,168.7773851,-18.5089944,525.7495981,66.5089944,25,30,183.5089944,82.2226149,174.0179888,111.7316093,2.40062750595238,2.53074136666667,2.79243541488095,3.61655678333333,281.388284278571,NA,NA,NA
"Tack_Site 1_Plantago_lanceolata_Survey 2","9/18/2020",97.038492,411.0596795,104.8665327,92.616475,238.0371348,9551.5998869,556.2363808,54.4549293,442.0715551,319.7612818,1258.7402336,0.515,0.154,0.163,0.001,0.165,0,0,0.001,0.001,0,0,6502,0.7153,70,64,23,7291.6489207,222,-48.8850993,270.8850993,155.9856667,9.1731713,168.1005674,-18.8850993,528.1149007,67,25,29.8850993,184,83.1149007,175,113,2.89418828214286,2.97226968333333,3.47793361607143,4.10845948333333,281.437375354762,NA,NA,NA
"Tack_Site 2_Plantago_lanceolata_Survey 1","8/12/2020",119.3332344,448.2148192,91,98.8646189,235.139635,9978.6622397,594.2310679,49.8323935,427.8480981,336.8964733,1818,0.532,0.064,0,0,0.356,0,0,0.01,0.038,0,0,8067.2829523,0.7516,69,64,23,7309,221,-50,271,155,8,167,-20,524,66,25,30,183,82,172,112,1.94957261011905,2.00010173333333,3.7045237327381,4.28163655,281.459218610714,NA,NA,NA
"Tack_Site 2_Plantago_lanceolata_Survey 2","9/14/2020",119.3332344,448.2148192,91,98.8646189,235.139635,9978.6622397,594.2310679,49.8323935,427.8480981,336.8964733,1818,0.569,0.053,0,0.001,0.331,0,0,0.009,0.037,0,0,9054,0.7516,69,64,23,7309,221,-50,271,155,8,167,-20,524,66,25,30,183,82,172,112,1.94957261011905,2.00010173333333,3.7045237327381,4.28163655,281.459218610714,NA,NA,NA
"Tooker_Site 1_Solidago_altissima_Survey 1","6/19/2019",51,364,134,40,231,5625,446,57,256,513,685,0.174,0.249,0.112,0.006,0,0,0,0,0.459,0,0,6944,0.9095,94,112,30,8893,281,-81,362,185,-25,205,-25,985,105,63,15,296,197,287,197,2.35187202380952,2.93587236666667,3.83967008392857,4.80509436666667,283.693282826191,NA,NA,NA
"Torric_Site 1_Loasa_insons_Survey 1","10/24/2020",61,203,115,140,198,3442,380,68,571,231,604,0.249,0.104,0.213,0.024,0,0,0.41,0,0,0,0,4906,0.3437,134,157,57,4131,287,16,271,88,181,187,81,528,122,1,96,327,7,7,312,1.52632576845238,1.60999406190476,4.85936990416667,4.86153155,286.765786733333,NA,NA,NA
"Torric_Site 1_Pasithea_caerulea_Survey 1","10/12/2020",61,203,119,140,198,3442,380,68,571,231,424,0.277,0.105,0.178,0.017,0,0,0.423,0,0,0,0,6446,0.3437,134,157,57,4131,287,16,271,88,181,187,81,528,122,1,96,327,7,7,312,1.52632576845238,1.60999406190476,4.85936990416667,4.86153155,286.765786733333,NA,NA,NA
"Torric_Site 1_Zephyranthes_cisandina_Survey 1","10/3/2020",58,204,115,136,207,3402,401,68,559,234,604,0.231,0.108,0.195,0.031,0,0,0.434,0,0.001,0,0,6446,0.3437,134,157,57,4131,287,16,271,88,181,187,81,528,122,1,96,327,7,7,312,1.52632576845238,1.60999406190476,4.85936990416667,4.86153155,286.765786733333,NA,NA,NA
"Touger_Site 1_Rubus_fruticosus_Survey 1","10/13/2020",59,255,126,110,235,5343,461,48,148,617,616,0.478,0.251,0.211,0.001,0,0,0,0,0.059,0,0,8011,0.949,97,82,35,5665,223,-11,234,63,59,167,23,825,76,55,9,221,181,215,203,1.88055056607143,2.34678141666667,2.38352166309524,2.43336996666667,284.934388135714,NA,NA,NA
"Touger_Site 2_Rumex_acetosa_Survey 1","10/14/2020",47,260,140,97,220,4653,466,65,105,675,190,0.186,0.2,0.034,0,0,0,0,0,0.58,0,0,6575.5080665,0.9425,97,82,35,5654,223,-10,233,63,59,168,24,822,76,55,9,219,180,216,201,1.8475661577381,2.30143228333333,2.38234602797619,2.43111166666667,284.874943989286,NA,NA,NA
"Touger_Site 3_Urtica_dioica_Survey 1","10/9/2020",49,260,139,104,209,5076,471,62,110,681,235,0.184,0.24,0.045,0,0,0,0,0,0.531,0,0,3571,0.9487,97,82,35,5659,223,-10,233,63,59,168,24,821,76,55,9,219,180,216,200,1.8475661577381,2.30143228333333,2.38234602797619,2.43111166666667,284.874943989286,NA,NA,NA
"Touger_Site 4_Zea_mays_Survey 1","10/10/2020",49,250,140,100,208,4794,467,65,108,684,197,0.184,0.174,0.034,0,0,0,0,0,0.608,0,0,6081,0.9425,97,82,35,5654,223,-10,233,63,59,168,24,822,76,55,9,219,180,216,201,1.8475661577381,2.30143228333333,2.38234602797619,2.43111166666667,284.874943989286,NA,NA,NA
"Turner_Site 1_Solanum_sp_Survey 1","7/31/2019",57,173,128,182,197,3354,260,73,512,292,235,0.129,0.162,0.032,0.024,0.001,0,0.65,0,0.002,0,0,4204,0.1344,176,124,75,1416,257,93,164,196,159,196,159,211,72,0,124,158,2,158,2,1.44750612261905,1.33892821666667,4.50419471071429,4.46842446666667,292.404381504762,NA,NA,NA
"Uesugi_Site 1_Hypochaeris_radicata_Survey 1","12/10/2019",81,277,96,89,168,3453,626,57,573,259,834,0.923,0.037,0.039,0,0,0,0,0,0.001,0,0,7360,0.6134,141,99,48,3702,257,52,205,115,188,188,93,912,94,51,18,269,165,165,244,1.65121459166667,1.64416503333333,2.37589517916667,2.25048826666667,288.008985785714,NA,NA,NA
"Underw_Site 1_Helianthella_quinquenervis_Survey 1","8/5/2019",76,349,119,139,236,7084,473,60,325,438,1071,0.4,0.587,0.001,0.005,0,0,0,0,0,0.007,0,7639,0.4236,5,171,40,8644,219,-208,427,-87,44,114,-107,519,53,30,16,145,103,130,145,1.21487427083333,1.22255453333333,1.58941795238095,2.17016601666667,274.856492901191,NA,NA,NA
"Underw_Site 1_Helianthella_quinquenervis_Survey 2","6/18/2020",76,349,119,139,236,7084,473,60,325,438,1071,0.392,0.576,0.005,0.012,0,0,0,0,0,0.015,0,5255,0.4236,5,171,40,8644,219,-208,427,-87,44,114,-107,519,53,30,16,145,103,130,145,1.21487427083333,1.22255453333333,1.58941795238095,2.17016601666667,274.856492901191,NA,NA,NA
"Underw_Site 1_Solanum_carolinense_Survey 1","7/4/2019",43,142,138,33,197,3005,428,55,436,367,407,0.46,0.3,0.114,0.108,0.007,0,0,0.004,0.007,0,0,4209,0.99,167,134,40,7166,326,-4,330,87,219,256,71,1449,166,75,19,442,273,342,412,2.59109423392857,2.91477458333333,4.05185736488095,4.78621418333333,291.754919284524,NA,NA,NA
"Underw_Site 1_Taraxacum_officinale_Survey 1","6/23/2020",76,349,119,139,236,7084,473,60,325,438,1071,0.383,0.605,0.002,0.003,0,0,0,0,0,0.007,0,5255,0.4236,5,171,40,8644,219,-208,427,-87,44,114,-107,519,53,30,16,145,103,130,145,1.21487427083333,1.22255453333333,1.58941795238095,2.17016601666667,274.856492901191,NA,NA,NA
"Utsumi_Site 1_Alnus_hirsuta_Survey 1","7/21/2015",81,309,76,172,256,10183,736,49,402,341,970,0.997,0.003,0,0,0,0,0,0,0,0,0,8644,1.6044,48,79,22,9561,225,-127,352,168,-32,168,-75,1290,153,70,26,432,219,432,291,3.84738304880952,4.10127768333333,2.31596156309524,3.54793293333333,281.32696147619,NA,NA,NA
"Utsumi_Site 2_Plantago_lanceolata_Survey 1","10/2/2020",97,318,111.7457608,79,235,7813,580,51,424,342,713.2727067,0.18,0.026,0.725,0.002,0.001,0,0,0,0.066,0,0,1394,1.2374001,83,79,22,9433,259,-86,345,170,117,202,-37,1152,140,57,28,394,187,354,311,2.3172149625,3.28059896666667,2.3743133375,2.62209063333333,282.822185619048,NA,NA,NA
"Utsumi_Site 3_Symphyotrichum_novi-belgii_Survey 1","9/30/2020",106,314,108,42,250,7996,546,52,429,321,758,0.138,0.074,0.039,0.001,0,0,0,0,0.748,0,0,7768,1.3248,79,82,23,9596,258,-96,354,167,114,200,-45,1144,144,62,27,389,195,366,297,1.61740111666667,2.54093421666667,3.0086059625,3.02168781666667,282.679756533333,NA,NA,NA
"Uyi_Site 1_Alternanthera_brasiliana_Survey 1","5/20/2020",29,122,130,21,140,1998,237,59,796,64,249,0.913,0.038,0.015,0,0,0,0.034,0,0,0,0,7167,1.2867,258,91,73,1088,325,202,123,242,262,271,242,1843,314,9,66,812,68,301,812,2.75316365833333,2.74967448333333,3.5128231797619,3.12512496904762,300.029037471429,NA,NA,NA
"Uyi_Site 1_Chromolaena_odorata_Survey 1","3/27/2020",32,114,133,31,135,1816,257,53,809,57,261,0.889,0.069,0.025,0,0,0,0.017,0,0,0,0,4924,1.2867,258,91,73,1088,325,202,123,242,262,271,242,1843,314,9,66,812,68,301,812,2.75316365833333,2.74967448333333,3.5128231797619,3.12512496904762,300.029037471429,NA,NA,NA
"Uyi_Site 1_Heterotis_rotundifolia_Survey 1","5/20/2020",29,122,132,21,140,1998,237,59,796,64,253,0.922,0.027,0.015,0,0,0,0.036,0,0,0,0,7167,1.2898999,259,90,73,1084,325,203,122,243,263,271,243,1849,314,9,66,815,68,302,815,2.75316365833333,2.74967448333333,3.5128231797619,3.12512496904762,300.029037471429,NA,NA,NA
"Uyi_Site 1_Indigofera_hirsuta_Survey 1","3/17/2020",32,115,133,32,128,1946,268,52,801,71,261,0.893,0.06,0.032,0,0,0,0.015,0,0,0,0,5081,1.2831,258,91,73,1097,325,202,123,241,262,271,241,1843,314,9,66,811,68,301,811,2.75316365833333,2.74967448333333,3.5128231797619,3.12512496904762,300.029037471429,NA,NA,NA
"Uyi_Site 1_Pouzolzia_guineensis_Survey 1","8/3/2020",32,114,133,31,135,1816,257,53,809,57,261,0.871,0.075,0.034,0,0,0,0.02,0,0,0,0,1216,1.2867,258,91,73,1088,325,202,123,242,262,271,242,1843,314,9,66,812,68,301,812,2.75316365833333,2.74967448333333,3.5128231797619,3.12512496904762,300.029037471429,NA,NA,NA
"Valton_Site 1_Erigeron_canadensis_Survey 1","7/22/2021",80,618,65,112,192,12215,708,51,427,381,2316,0.516,0.016,0.384,0.006,0.073,0,0,0,0.005,0,0,5902,0.9683,30,71,21,9174,209,-128,337,134,-40,151,-87,624,82,33,28,217,102,210,125,0,0,2.46420288095238,3.13374838333333,279.620431585714,NA,NA,NA
"Valton_Site 1_Salix_herbacea_Survey 1","7/6/2020",87,406,68,113,108,9343,602,53,450,442,1612,0,0.159,0,0.003,0,0,0,0,0,0.836,0.002,5017,1.4845999,-44,76,23,8660,131,-199,330,73,-110,73,-150,552,82,29,30,198,92,198,126,0.899124133333333,1.04899088333333,1.5128174,1.5128174,274.266447819048,NA,NA,NA
"Valton_Site 2_Plantago_lanceolata_Survey 1","7/12/2022",80.1756424,674.3259416,65.2959151,111.3877156,160.125396,13096.1309398,702.6338437,49.2776311,443.6276839,395.7832629,2370.5194695,0.516,0.006,0.404,0.016,0.057,0,0,0,0.001,0,0,5742.8176467,0.958,31,71,21,9179,210,-127,337,135,-39,152,-86,619,81,33,28,215,101,208,125,0,0,2.46420288095238,3.13374838333333,279.620431585714,NA,NA,NA
"Valton_Site 3_Senecio_viscosus_Survey 1","8/2/2021",77,707,58,112,158,12473,702,50,460,382,3104,0.52,0.004,0.394,0.004,0.077,0,0,0,0.001,0,0,4962,0.9682,30,71,21,9163,209,-128,337,134,-40,151,-87,623,82,33,29,217,102,210,125,0,0,2.46420288095238,3.13374838333333,279.620431585714,NA,NA,NA
"Valton_Site 4_Sorbus_aucuparia_Survey 1","8/5/2021",70,683,70,96,248,11898,654,50,393,360,2815,0.41,0.003,0.206,0.007,0.37,0,0,0.003,0.001,0,0,5445,0.9487,32,71,21,9199,211,-126,337,136,-38,153,-86,623,82,33,29,217,102,209,125,0,0,3.27662439642857,4.08184815,279.625320855952,NA,NA,NA
"Valton_Site 6_Drosera_rotundifolia_Survey 1","7/28/2020",76,679,59,102,152,13836,697,47,403,444,3237,0.55,0.009,0.375,0.004,0.057,0,0,0.002,0.003,0,0,6087,0.966,31,71,21,9171,210,-127,337,135,-39,152,-86,624,82,33,28,217,102,210,125,0,0,1.16112045892857,1.82663981666667,279.556210496429,NA,NA,NA
"Valton_Site 7_Lactuca_sibirica_Survey 1","8/17/2020",85,544,74,86,247,12841,632,50,409,343,1728,0.316,0.039,0.008,0,0.436,0,0,0.155,0.046,0,0,6700,0.9071,26,78,21,9460,213,-142,355,132,-47,150,-96,613,81,30,31,218,96,213,115,0.0600586,0.0600586,0.0797642273809524,0.106628416666667,280.061100620238,NA,NA,NA
"Valton_Site 8_Plantago_major_Survey 1","7/28/2020",76,679,59,102,152,13836,697,47,403,444,3237,0.558,0.018,0.362,0.004,0.054,0,0,0.003,0.001,0,0,6087,0.966,31,71,21,9171,210,-127,337,135,-39,152,-86,624,82,33,28,217,102,210,125,0,0,1.16112045892857,1.82663981666667,279.556210496429,NA,NA,NA
"Valton_Site 9_Rubus_chamaemorus_Survey 1","7/26/2020",86,689,61,114,82,10452,725,48,590,329,2438,0.676,0.283,0,0,0,0,0,0.035,0.006,0,0,8127.2899478,1.0592999,23,75,21,9300,207,-140,347,128,-48,146,-96,621,83,32,30,218,101,215,120,0,0,2.03042601607143,3.42224118333333,278.692307959524,NA,NA,NA
"Villel_Site 1_Plantago_lanceolata_Survey 1","7/4/2021",36,233,132,160,245,3944,356,74,433,322,383,0.173,0.764,0.046,0,0,0,0.002,0,0.015,0,0,3741,0.2563,135,102,34,6605,305,12,293,92,223,223,54,441,57,11,36,154,53,53,130,2.83209302142857,2.82643636666667,1.26194837559524,1.22367351666667,288.321715067857,NA,NA,NA
"Villel_Site 2_Plantago_lanceolata_Survey 1","7/5/2021",36.8358444,218.499857,128.3932479,158.3467388,228.1939067,4649.8144846,336.6737389,72.4323686,425.4679365,346.0125155,418.8069998,0.457,0.334,0.176,0,0,0,0.03,0,0.003,0,0,3955,0.2597,134,102,34,6593,304,11,293,92,222,222,53,443,57,11,37,155,53,53,130,2.83209302142857,2.82643636666667,1.26194837559524,1.22367351666667,288.321715067857,NA,NA,NA
"Villel_Site 3_Plantago_lanceolata_Survey 1","6/22/2021",45,202,134,126,367,2885,333,78,176,457,406,0.177,0.36,0.006,0,0.062,0,0.001,0,0.394,0,0,5079,0.2037,148,105,36,6279,309,23,286,172,228,229,69,357,47,16,27,116,68,73,74,1.53128631964286,1.54325355,2.10646785714286,2.10827638333333,290.705611771429,NA,NA,NA
"Waller_Site 1_Coprosma_lucida_Survey 1","10/23/2020",86,288,89,108,201,4348,648,55,594,205,856,0.709,0.235,0.05,0,0,0,0.005,0,0.001,0,0,6986,0.6925,109,94,46,3772,212,9,203,58,155,155,58,711,85,43,20,226,143,143,226,2.2168906125,2.28484525,0,0,286.484805140476,NA,NA,NA
"Waller_Site 2_Cordyline_australis_Survey 1","10/30/2020",86,319,90,94,223,4874,625,62,533,243,740,0.408,0.253,0.27,0.003,0.009,0,0.001,0,0.056,0,0,6723.1203643,0.5867,118,95,47,3753,220,18,202,74,117,164,68,614,65,39,16,183,131,132,175,2.44569542142857,2.50126429285714,4.26956178333333,4.27050781666667,286.395710202381,NA,NA,NA
"Waller_Site 3_Plantago_lanceolata_Survey 1","10/31/2020",75.7120794,308.4164368,84.5656054,102,197.1594043,4011.8323221,690.969112,60,590.8483177,211.992278,759.2848529,0.38,0.042,0.567,0,0,0,0,0,0.011,0,0,5869.06023,0.6085,119,96,47,3746,221,18,203,74,165,165,68,621,71,38,19,192,129,129,186,2.2168906125,2.28484525,0,0,286.484805140476,NA,NA,NA
"Wetzel_Site 11_Chenopodium_album_Survey 1","6/24/2019",48,164,139,100,149,8229,411,57,647,204,454,0.425,0.292,0.022,0,0.016,0,0,0.012,0.233,0,0,7802,0.8189,87,113,29,9720,286,-100,386,198,-30,208,-43,913,98,39,24,277,147,273,154,2.94212486607143,2.97631836666667,1.55272784940476,2.50140381666667,284.009125897619,NA,NA,NA
"Wetzel_Site 1_Acer_saccharum_Survey 1","5/8/2018",69,257,125,42,253,15481,500,62,389,359,685,0.222,0.223,0.492,0,0,0,0,0.007,0.056,0,0,4052.3251987,0.7293,81,110,28,9658,278,-105,383,201,-48,201,-48,781,88,34,26,242,125,242,125,2.87036060952381,2.94539388333333,1.42884100714286,2.04990643333333,283.883153117857,NA,NA,NA
"Wetzel_Site 1_Desmodium_glutinosum_Survey 1","7/11/2018",60,210,135,100,147,7449,487,62,565,288,519,0.373,0.086,0.011,0,0.391,0,0,0,0.139,0,0,8281.9067369,0.814,89,113,29,9696,288,-98,386,200,-28,209,-41,910,98,39,24,276,147,272,154,2.94212486607143,2.97631836666667,1.55272784940476,2.50140381666667,284.009125897619,NA,NA,NA
"Wetzel_Site 1_Melilotus_albus_Survey 1","6/26/2018",60,210,135,100,147,7449,487,62,565,288,519,0.38,0.067,0.01,0,0.431,0,0,0,0.112,0,0,5136.1690491,0.814,89,113,29,9696,288,-98,386,200,-28,209,-41,910,98,39,24,276,147,272,154,2.94212486607143,2.97631836666667,1.55272784940476,2.50140381666667,284.009125897619,NA,NA,NA
"Wetzel_Site 1_Tilia_americana_Survey 1","6/29/2018",60,210,135,100,147,7449,487,62,565,288,519,0.403,0.071,0.012,0,0.41,0,0,0,0.104,0,0,6197,0.814,89,113,29,9696,288,-98,386,200,-28,209,-41,910,98,39,24,276,147,272,154,2.94212486607143,2.97631836666667,1.55272784940476,2.50140381666667,284.009125897619,NA,NA,NA
"Wetzel_Site 2_Alliaria_petiolata_Survey 1","6/7/2019",51,209,135,99,180,8189,426,60,576,244,637,0.427,0.128,0.019,0.001,0.237,0,0,0,0.188,0,0,6081,0.8159,88,113,29,9752,288,-99,387,200,-29,209,-43,913,98,39,24,277,147,273,154,2.94212486607143,2.97631836666667,1.55272784940476,2.50140381666667,284.009125897619,NA,NA,NA
"Wetzel_Site 2_Campanula_persicifolia_Survey 1","7/15/2019",60,210,135,100,147,7449,487,62,565,288,519,0.366,0.069,0.014,0,0.418,0,0,0,0.133,0,0,7377,0.814,89,113,29,9696,288,-98,386,200,-28,209,-41,910,98,39,24,276,147,272,154,2.94212486607143,2.97631836666667,1.55272784940476,2.50140381666667,284.009125897619,NA,NA,NA
"Wetzel_Site 2_Echinacea_purpurea_Survey 1","5/24/2019",51,209,135,99,180,8189,426,60,576,244,637,0.417,0.142,0.011,0,0.232,0,0,0,0.198,0,0,6559.1074065,0.814,89,113,29,9696,288,-98,386,200,-28,209,-41,910,98,39,24,276,147,272,154,2.94212486607143,2.97631836666667,1.55272784940476,2.50140381666667,284.009125897619,NA,NA,NA
"Wetzel_Site 2_Polygonatum_biflorum_Survey 1","7/10/2019",60,210,135,100,147,7449,487,62,565,288,519,0.417,0.065,0.009,0,0.415,0,0,0,0.094,0,0,6831,0.814,89,113,29,9696,288,-98,386,200,-28,209,-41,910,98,39,24,276,147,272,154,2.94212486607143,2.97631836666667,1.55272784940476,2.50140381666667,284.009125897619,NA,NA,NA
"Wetzel_Site 2_Solanum_ptychanthum_Survey 1","6/26/2019",48,164,139,100,149,8229,411,57,647,204,454,0.446,0.313,0.008,0,0.013,0,0,0.007,0.213,0,0,7058.654754,0.8189,87,113,29,9720,286,-100,386,198,-30,208,-43,913,98,39,24,277,147,273,154,2.94212486607143,2.97631836666667,1.55272784940476,2.50140381666667,284.009125897619,NA,NA,NA
"Wetzel_Site 2_Verbascum_thapsus_Survey 1","7/8/2019",48,164,139,100,149,8229,411,57,647,204,454,0.409,0.297,0.012,0,0.012,0,0,0.011,0.259,0,0,7678,0.8189,87,113,29,9720,286,-100,386,198,-30,208,-43,913,98,39,24,277,147,273,154,2.94212486607143,2.97631836666667,1.55272784940476,2.50140381666667,284.009125897619,NA,NA,NA
"Wetzel_Site 3_Arctium_minus_Survey 1","5/30/2018",47,186,130,82,169,7998,479,58,580,251,868,0.506,0.147,0.056,0.001,0.078,0,0,0.014,0.198,0,0,6812,0.8162,88,113,29,9713,288,-99,387,199,-29,209,-42,912,98,39,24,277,147,273,154,2.94212486607143,2.97631836666667,1.55272784940476,2.50140381666667,284.009125897619,NA,NA,NA
"Wetzel_Site 3_Asclepias_syriaca_Survey 1","5/30/2018",47,186,130,82,169,7998,479,58,580,251,868,0.515,0.126,0.034,0.001,0.064,0,0,0.008,0.252,0,0,6812,0.8162,88,113,29,9713,288,-99,387,199,-29,209,-42,912,98,39,24,277,147,273,154,2.94212486607143,2.97631836666667,1.55272784940476,2.50140381666667,284.009125897619,NA,NA,NA
"Wetzel_Site 3_Cercis_canadensis_Survey 1","7/25/2018",48,184,130,76,166,8305,478,55,573,261,698,0.497,0.142,0.037,0.006,0.168,0,0,0.008,0.142,0,0,7384,0.8162,88,113,29,9713,288,-99,387,199,-29,209,-42,912,98,39,24,277,147,273,154,2.94212486607143,2.97631836666667,1.55272784940476,2.50140381666667,284.009125897619,NA,NA,NA
"Wetzel_Site 3_Echinacea_purpurea_Survey 1","7/24/2018",47,187,130,90,160,8380,447,59,584,256,631,0.466,0.149,0.044,0.001,0.077,0,0,0.007,0.256,0,0,8122,0.8196,88,113,29,9713,288,-99,387,199,-29,209,-42,912,98,39,24,277,147,273,154,2.94212486607143,2.97631836666667,1.55272784940476,2.50140381666667,284.009125897619,NA,NA,NA
"Wetzel_Site 3_Enemion_biternatum_Survey 1","5/25/2018",47,181,128,95,156,8207,419,58,621,223,804,0.45,0.175,0.042,0.001,0.042,0,0,0.015,0.275,0,0,6694.9649845,0.8162,88,113,29,9713,288,-99,387,199,-29,209,-42,912,98,39,24,277,147,273,154,2.94212486607143,2.97631836666667,1.55272784940476,2.50140381666667,284.009125897619,NA,NA,NA
"Wetzel_Site 3_Phytolacca_americana_Survey 1","7/25/2018",45,184,137,86,158,8415,441,59,568,274,536,0.503,0.138,0.034,0.003,0.164,0,0,0.008,0.15,0,0,7384,0.8162,88,113,29,9713,288,-99,387,199,-29,209,-42,912,98,39,24,277,147,273,154,2.94212486607143,2.97631836666667,1.55272784940476,2.50140381666667,284.009125897619,NA,NA,NA
"Wetzel_Site 3_Potentilla_simplex_Survey 1","8/16/2018",48,184,127,76,166,8305,478,55,573,261,1033,0.472,0.117,0.041,0,0.199,0,0,0.009,0.162,0,0,8176,0.8162,88,113,29,9713,288,-99,387,199,-29,209,-42,912,98,39,24,277,147,273,154,2.94212486607143,2.97631836666667,1.55272784940476,2.50140381666667,284.009125897619,NA,NA,NA
"Wetzel_Site 3_Quercus_alba_Survey 1","5/29/2018",46.7499833,186.0635432,131.6264953,89.5620579,159.7617462,8151.9828953,438.6804055,58.456379,600.0375398,240.2434359,716.0258425,0.473,0.156,0.041,0.002,0.044,0,0,0.019,0.265,0,0,6812,0.8162,88,113,29,9713,288,-99,387,199,-29,209,-42,912,98,39,24,277,147,273,154,2.94212486607143,2.97631836666667,1.55272784940476,2.50140381666667,284.009125897619,NA,NA,NA
"Wetzel_Site 3_Rumex_crispus_Survey 1","6/17/2019",47,187,130,90,160,8380,447,59,584,256,631,0.438,0.16,0.042,0.003,0.08,0,0,0.004,0.273,0,0,7391,0.8196,88,113,29,9713,288,-99,387,199,-29,209,-42,912,98,39,24,277,147,273,154,2.94212486607143,2.97631836666667,1.55272784940476,2.50140381666667,284.009125897619,NA,NA,NA
"Wetzel_Site 3_Sassafras_albidum_Survey 1","6/4/2018",48,195,125,84,169,8286,473,56,578,252,1038,0.481,0.093,0.044,0,0.208,0,0,0.007,0.167,0,0,6937,0.8162,88,113,29,9713,288,-99,387,199,-29,209,-42,912,98,39,24,277,147,273,154,2.94212486607143,2.97631836666667,1.55272784940476,2.50140381666667,284.009125897619,NA,NA,NA
"Wetzel_Site 3_Tradescantia_ohiensis_Survey 1","6/19/2019",45,187,132,100,160,8159,443,61,581,258,509,0.542,0.122,0.034,0.002,0.198,0,0,0.008,0.094,0,0,7084,0.8162,88,113,29,9713,288,-99,387,199,-29,209,-42,912,98,39,24,277,147,273,154,2.94212486607143,2.97631836666667,1.55272784940476,2.50140381666667,284.009125897619,NA,NA,NA
"Wetzel_Site 4_Asarum_canadense_Survey 1","9/21/2018",60,246,122,43,205,20002,388,58,394,401,987,0.832,0.116,0.051,0,0,0,0,0.001,0,0,0,8035,0.7509,81,109,28,9625,278,-103,381,201,-47,201,-47,782,88,35,25,241,127,241,127,2.87715075952381,2.94565836666667,1.30306062678571,1.96799725,283.922626039286,NA,NA,NA
"Wetzel_Site 4_Smilax_hispida_Survey 1","9/30/2018",60,246,122,43,205,20002,388,58,394,401,987,0.847,0.104,0.04,0,0,0,0,0.008,0.001,0,0,7709.4427122,0.7509,81,109,28,9625,278,-103,381,201,-47,201,-47,782,88,35,25,241,127,241,127,2.87715075952381,2.94565836666667,1.30306062678571,1.96799725,283.922626039286,NA,NA,NA
"Wetzel_Site 5_Glycine_max_Survey 1","7/9/2019",41,162,143,82,124,6715,411,63,704,172,416,0.222,0.296,0.03,0.005,0.025,0,0,0.008,0.414,0,0,7141,0.8177,88,113,29,9752,288,-99,387,200,-29,209,-43,912,98,39,24,277,147,273,154,2.94212486607143,2.97631836666667,1.55272784940476,2.50140381666667,284.009125897619,NA,NA,NA
"Wetzel_Site 5_Zea_mays_Survey 1","7/26/2019",44,163,143,89,136,7348,400,65,621,243,462,0.342,0.219,0.019,0.002,0.001,0,0,0,0.417,0,0,6731,0.8207,88,113,29,9719,287,-99,386,199,-29,208,-43,911,98,39,24,276,147,272,154,2.94212486607143,2.97631836666667,1.55272784940476,2.50140381666667,284.009125897619,NA,NA,NA
"Wetzel_Site 7_Brasenia_schreberi_Survey 1","8/8/2018",53.5020528,172.6739157,131.2158844,75.8004553,189.8243161,10648.3781147,439.9215479,59.2188529,493.1425958,317.1973497,623.1686475,0.415,0.124,0.014,0.004,0.265,0,0,0.092,0.086,0,0,7279,0.8408,86,112,29,9664,284,-100,384,197,-30,206,-43,918,99,40,23,277,152,273,159,2.85689943571429,2.90714518333333,2.07656570535714,3.03389486666667,283.815120407143,NA,NA,NA
"Wetzel_Site 7_Monarda_fistulosa_Survey 1","6/5/2018",46,172,133,63,216,9278,446,53,492,293,578,0.582,0.139,0.005,0,0.03,0,0,0.171,0.073,0,0,6870,0.8335,86,112,29,9658,284,-99,383,197,-30,206,-43,915,99,40,23,276,151,272,158,2.85689943571429,2.90714518333333,2.07656570535714,3.03389486666667,283.815120407143,NA,NA,NA
"Wetzel_Site 7_Podophyllum_peltatum_Survey 1","6/21/2018",46,159,125,62,200,10846,433,53,526,275,778,0.535,0.176,0.019,0,0.029,0,0,0.084,0.157,0,0,6510,0.8364,86,112,29,9658,284,-99,383,197,-30,206,-43,915,99,40,23,276,151,272,158,2.85689943571429,2.90714518333333,2.07656570535714,3.03389486666667,283.815120407143,NA,NA,NA
"Wetzel_Site 7_Solidago_canadensis.altissima_Survey 1","6/5/2018",46,172,133,63,216,9278,446,53,492,293,578,0.587,0.124,0.012,0,0.028,0,0,0.191,0.058,0,0,6870,0.8335,86,112,29,9658,284,-99,383,197,-30,206,-43,915,99,40,23,276,151,272,158,2.85689943571429,2.90714518333333,2.07656570535714,3.03389486666667,283.815120407143,NA,NA,NA
"Wetzel_Site 9_Castilleja_sulphurea_Survey 1","8/15/2020",46,248,108,147,292,5393,442,57,255,453,694,0.705,0.23,0.002,0.012,0,0,0,0,0,0.051,0,6855,0.5602,-3,150,38,8338,215,-177,392,-93,100,105,-107,605,69,37,19,190,122,130,186,1.7804260125,1.79614258333333,2.11040968095238,2.70753986666667,277.504333542857,NA,NA,NA
"Wetzel_Site 9_Plantago_lanceolata_Survey 1","6/1/2018",48,173,130,103,133,7376,423,62,663,205,693,0.472,0.221,0.008,0,0.039,0,0,0.01,0.25,0,0,7513,0.8178,88,113,29,9751,288,-99,387,200,-29,209,-43,914,98,39,23,277,148,273,155,2.94212486607143,2.97631836666667,1.55272784940476,2.50140381666667,284.009125897619,NA,NA,NA
"Whiteh_Site 1_Asclepias_syriaca_Survey 1","8/12/2019",46,275,132,67,274,5787,472,55,224,502,527,0.577,0.395,0.022,0,0,0,0,0,0.006,0,0,7754.1333469,0.8139,113,133,38,7696,286,-57,343,191,10,210,10,972,99,67,12,278,205,269,205,2.93041264761905,2.98166908333333,2.97069223214286,4.40039063333333,286.220904979762,NA,NA,NA
"Whiteh_Site 1_Solanum_carolinense_Survey 1","8/14/2019",46,275,132,67,274,5787,472,55,224,502,527,0.556,0.412,0.02,0,0,0,0,0,0.012,0,0,7578,0.8139,113,133,38,7696,286,-57,343,191,10,210,10,972,99,67,12,278,205,269,205,2.93041264761905,2.98166908333333,2.97069223214286,4.40039063333333,286.220904979762,NA,NA,NA
"Whiteh_Site 2_Physalis_longifolia_Survey 1","8/1/2019",46,294,133,71,291,5324,464,57,240,468,651,0.382,0.302,0.287,0.011,0,0,0,0,0.018,0,0,5616,0.8147,111,132,38,7683,284,-58,342,190,9,208,9,998,100,69,12,283,210,274,210,1.24193463690476,1.28041583333333,3.02192397261905,4.47717283333333,286.287971820238,NA,NA,NA
"Whiteh_Site 2_Taraxacum_officinale_Survey 1","5/15/2020",42,271,136,40,268,4674,459,56,205,527,641,0.301,0.43,0.215,0.006,0,0,0,0,0.048,0,0,7370,0.8178,112,133,38,7686,285,-58,343,190,9,209,9,986,99,68,12,281,207,271,207,1.24193463690476,1.28041583333333,3.02192397261905,4.47717283333333,286.287971820238,NA,NA,NA
"Whiteh_Site 3_Plantago_lanceolata_Survey 1","6/23/2020",56,244,126,101,199,5519,462,55,333,468,1137,0.512,0.277,0.001,0,0.141,0,0,0,0.069,0,0,6818,0.7891,113,134,38,7688,286,-58,344,191,10,210,10,954,99,64,13,276,199,267,199,2.657653825,2.66705325,2.8266252827381,4.28481038333333,286.068339213095,NA,NA,NA
"Whiteh_Site 3_Plantago_major_Survey 1","6/9/2020",56,244,126,101,199,5519,462,55,333,468,1137,0.535,0.269,0.002,0,0.138,0,0,0,0.056,0,0,7285.8939408,0.7891,113,134,38,7688,286,-58,344,191,10,210,10,954,99,64,13,276,199,267,199,2.657653825,2.66705325,2.8266252827381,4.28481038333333,286.068339213095,NA,NA,NA
"Whiteh_Site 5_Rudbeckia_triloba_Survey 1","8/20/2019",46,220,124,111,280,5198,467,50,275,445,875,0.897,0.096,0.002,0,0,0,0,0,0.005,0,0,8240,0.8172,121,133,38,7757,295,-50,345,199,17,218,17,994,99,70,12,280,210,273,210,0,0,3.00572859880952,4.5413615,286.266045257143,NA,NA,NA
"Yamawo_Site 1_Rumex_japonicus_Survey 1","3/19/2020",47,160,121,99,239,2407,474,52,374,387,416,0.27,0.093,0.181,0,0.012,0,0,0,0.444,0,0,4976,0.9848,150,81,26,8008,312,5,307,218,51,256,51,1309,188,51,41,482,163,439,163,2.79890805,3.24363198333333,2.41317239345238,2.61204018333333,289.244182335714,NA,NA,NA
"Yamawo_Site 2_Rumex_japonicus_Survey 1","3/30/2020",99,260,107,28,184,5425,539,59,475,341,592,0.297,0.043,0.428,0.006,0,0,0,0,0.226,0,0,4084,1.113,145,90,28,7690,301,-16,317,218,47,244,47,1341,176,43,39,477,156,429,156,1.79411897202381,2.39937336666667,4.9519043,4.98032631666667,289.146315260714,NA,NA,NA
"Yamawo_Site 3_Rumex_japonicus_Survey 1","3/30/2020",94,253,107,44,165,5185,567,58,509,326,580,0.215,0.135,0.293,0.005,0.021,0,0,0,0.331,0,0,3727,1.1038001,146,90,28,7690,302,-15,317,219,48,245,48,1335,176,44,38,472,159,422,159,1.79411897202381,2.39937336666667,4.9519043,4.98032631666667,289.146315260714,NA,NA,NA
"Yamawo_Site 4_Rumex_japonicus_Survey 1","3/15/2020",95,272,104,30,121,5363,537,57,535,344,585,0.52,0.061,0.142,0.001,0,0,0,0,0.276,0,0,4495,1.1535,139,99,29,7863,301,-30,331,213,39,240,39,1286,165,40,40,453,144,415,144,2.73875425595238,3.09191893333333,4.95964196488095,5.00887045,288.866203528571,NA,NA,NA
"Yim_Site 1_Plantago_lanceolata_Survey 1","10/11/2020",60.5032049,367.5676213,122,69.3985494,144.5255267,9086.8221943,494.951683,48.2369181,488.9765162,366.2025452,985,0.809,0.12,0.069,0.001,0,0,0,0,0.001,0,0,7457,0.9036,110,93,28,8383,279,-50,329,93,2,217,2,1152,108,83,8,312,272,289,272,2.835764575,2.85968016666667,2.37860904821429,3.44344071666667,285.955451308333,NA,NA,NA
"Yim_Site 1_Taraxacum_officinale_Survey 1","10/11/2020",60.5032049,367.5676213,122,69.3985494,144.5255267,9086.8221943,494.951683,48.2369181,488.9765162,366.2025452,985,0.804,0.123,0.072,0.001,0,0,0,0,0,0,0,7457,0.9036,110,93,28,8383,279,-50,329,93,2,217,2,1152,108,83,8,312,272,289,272,2.835764575,2.85968016666667,2.37860904821429,3.44344071666667,285.955451308333,NA,NA,NA
"Yim_Site 2_Plantago_major_Survey 1","10/3/2020",105,241,121,25,100,6450,650,47,497,403,886,0.427,0.025,0.466,0.001,0.081,0,0,0,0,0,0,4759,0.9138,119,89,26,8762,293,-45,338,105,5,231,5,1147,106,78,9,307,257,298,257,1.51987201845238,1.9949951,2.28356643214286,2.60778808333333,286.136009090476,NA,NA,NA
"Zarnet_Site 1_Centaurea_stoebe_Survey 1","8/25/2015",46,181,134,104,156,6906,437,65,630,215,562,0.331,0.182,0.022,0.005,0.041,0,0,0.021,0.398,0,0,7402,0.8177,88,113,29,9752,288,-99,387,200,-29,209,-43,912,98,39,24,277,147,273,154,2.94212486607143,2.97631836666667,1.55272784940476,2.50140381666667,284.009125897619,NA,NA,NA
"Zarnet_Site 1_Solidago_canadensis_Survey 1","8/25/2015",46,181,134,104,156,6906,437,65,630,215,562,0.363,0.219,0.016,0.005,0.045,0,0,0.02,0.332,0,0,7402,0.8177,88,113,29,9752,288,-99,387,200,-29,209,-43,912,98,39,24,277,147,273,154,2.94212486607143,2.97631836666667,1.55272784940476,2.50140381666667,284.009125897619,NA,NA,NA
"Zehr_Site 10_Maianthemum_canadense_Survey 1","6/11/2020",47,181,128,95,156,8207,419,58,621,223,804,0.482,0.145,0.042,0.004,0.053,0,0,0.017,0.257,0,0,8098,0.8162,88,113,29,9713,288,-99,387,199,-29,209,-42,912,98,39,24,277,147,273,154,2.94212486607143,2.97631836666667,1.55272784940476,2.50140381666667,284.009125897619,NA,NA,NA
"Zehr_Site 10_Maianthemum_canadense_Survey 2","7/14/2020",47,181,128,95,156,8207,419,58,621,223,804,0.462,0.173,0.036,0.003,0.058,0,0,0.011,0.257,0,0,7272,0.8162,88,113,29,9713,288,-99,387,199,-29,209,-42,912,98,39,24,277,147,273,154,2.94212486607143,2.97631836666667,1.55272784940476,2.50140381666667,284.009125897619,NA,NA,NA
"Zehr_Site 10_Maianthemum_canadense_Survey 3","8/17/2020",47,181,128,95,156,8207,419,58,621,223,804,0.494,0.131,0.042,0.005,0.062,0,0,0.018,0.248,0,0,7359,0.8162,88,113,29,9713,288,-99,387,199,-29,209,-42,912,98,39,24,277,147,273,154,2.94212486607143,2.97631836666667,1.55272784940476,2.50140381666667,284.009125897619,NA,NA,NA
"Zehr_Site 10_Tradescantia_ohiensis_Survey 1","8/6/2021",45,187,132,100,160,8159,443,61,581,258,509,0.53,0.132,0.039,0.001,0.186,0,0,0.005,0.107,0,0,8036,0.8162,88,113,29,9713,288,-99,387,199,-29,209,-42,912,98,39,24,277,147,273,154,2.94212486607143,2.97631836666667,1.55272784940476,2.50140381666667,284.009125897619,NA,NA,NA
"Zehr_Site 12_Cephalanthus_occidentalis_Survey 1","8/8/2018",53.7673502,172.5191395,131.1252354,75.5558504,188.8379976,10562.5465219,440.0861681,59.1954966,495.2645758,316.0741053,635.8279832,0.42,0.123,0.018,0.005,0.25,0,0,0.074,0.11,0,0,7279,0.8347,86,112,29,9667,284,-99,383,197,-30,206,-43,917,99,40,23,277,151,273,158,2.85689943571429,2.90714518333333,2.07656570535714,3.03389486666667,283.815120407143,NA,NA,NA
"Zehr_Site 12_Plantago_major_Survey 1","10/17/2019",81,204,76,67,291,5225,516,53,360,349,738,0.767,0.198,0.006,0,0,0,0,0,0.029,0,0,2976,2.2934999,177,95,79,484,235,116,119,175,173,182,170,2307,396,31,64,959,103,688,172,2.80066208392857,2.71791585,5.39350019464286,5.23036703333333,291.503588410714,NA,NA,NA
"Zehr_Site 13_Chamaedorea_woodsoniana_Survey 1","2/15/2020",89,180,72,127,248,7176,564,52,369,383,1079,0.995,0.005,0,0,0,0,0,0,0,0,0,8962,2.5987999,125,89,78,637,178,64,114,128,118,131,115,2542,407,45,54,986,184,849,301,2.80066208392857,2.71791585,5.39350019464286,5.23036703333333,291.503588410714,NA,NA,NA
"Zehr_Site 13_Goodyera_ovatilabia_Survey 1","2/24/2020",91,172,70,111,263,6770,590,50,316,422,1354,0.997,0.003,0,0,0,0,0,0,0,0,0,9139,2.5987999,125,89,78,637,178,64,114,128,118,131,115,2542,407,45,54,986,184,849,301,2.80066208392857,2.71791585,5.39350019464286,5.23036703333333,291.503588410714,NA,NA,NA
"Zehr_Site 13_Maianthemum_paniculatum_Survey 1","2/15/2020",89,180,72,127,248,7176,564,52,369,383,1079,0.997,0.003,0,0,0,0,0,0,0,0,0,8962,2.5987999,125,89,78,637,178,64,114,128,118,131,115,2542,407,45,54,986,184,849,301,2.80066208392857,2.71791585,5.39350019464286,5.23036703333333,291.503588410714,NA,NA,NA
"Zehr_Site 13_Pilea_vulcanica_Survey 1","2/17/2020",94,188,70,87,263,7154,589,50,318,418,1314,0.997,0.003,0,0,0,0,0,0,0,0,0,9005.4937753,2.5771,136,91,77,661,190,73,117,139,128,142,125,2470,394,42,54,964,174,815,289,2.80066208392857,2.71791585,5.39350019464286,5.23036703333333,291.503588410714,NA,NA,NA
"Zehr_Site 14_Chimaphila_umbellata_Survey 1","8/17/2018",47,176,123,68,213,7475,493,55,385,402,597,0.895,0.058,0.003,0.001,0.026,0,0,0.017,0,0,0,8800,0.8406,85,112,29,9644,282,-101,383,195,-32,204,-45,906,100,39,23,274,150,269,157,2.77527291904762,2.88861083333333,2.08921595714286,2.89560951666667,283.90240234881,NA,NA,NA
"Zehr_Site 14_Ptelea_trifoliata_Survey 1","10/4/2019",43,184,125,102,224,7725,440,53,451,324,860,0.953,0.023,0,0,0.02,0,0,0.004,0,0,0,8714,0.843,85,112,29,9589,282,-99,381,195,-30,204,-44,906,99,39,23,273,152,268,158,2.77527291904762,2.88861083333333,2.08921595714286,2.89560951666667,283.90240234881,NA,NA,NA
"Zehr_Site 14_Rhus_copallinum_Survey 1","8/17/2018",47,176,123,68,213,7475,493,55,385,402,597,0.897,0.05,0.003,0,0.036,0,0,0.014,0,0,0,8800,0.8406,85,112,29,9644,282,-101,383,195,-32,204,-45,906,100,39,23,274,150,269,157,2.77527291904762,2.88861083333333,2.08921595714286,2.89560951666667,283.90240234881,NA,NA,NA
"Zehr_Site 15_Claytonia_virginica_Survey 1","5/13/2020",45,166,127,67,217,9144,378,55,510,273,661,0.784,0.18,0.005,0,0.008,0,0,0.019,0.004,0,0,5527,0.8112,86,114,29,9682,285,-102,387,197,-31,206,-44,889,98,38,24,271,144,267,149,0,0,1.40366109047619,2.3684082,283.956014130952,NA,NA,NA
"Zehr_Site 15_Claytonia_virginica_Survey 1","5/20/2020",45,166,127,67,217,9144,378,55,510,273,661,0.813,0.156,0.009,0,0.003,0,0,0.014,0.005,0,0,5527,0.8112,86,114,29,9682,285,-102,387,197,-31,206,-44,889,98,38,24,271,144,267,149,0,0,1.40366109047619,2.3684082,283.956014130952,NA,NA,NA
"Zehr_Site 15_Elymus_hystrix_Survey 1","8/13/2020",45,166,127,67,217,9144,378,55,510,273,661,0.792,0.169,0.009,0,0.006,0,0,0.021,0.003,0,0,8837,0.8112,86,114,29,9682,285,-102,387,197,-31,206,-44,889,98,38,24,271,144,267,149,0,0,1.40366109047619,2.3684082,283.956014130952,NA,NA,NA
"Zehr_Site 15_Fagus_grandifolia_Survey 1","5/21/2020",45,166,127,67,217,9144,378,55,510,273,661,0.832,0.14,0.002,0,0.005,0,0,0.017,0.004,0,0,5225,0.8112,86,114,29,9682,285,-102,387,197,-31,206,-44,889,98,38,24,271,144,267,149,0,0,1.40366109047619,2.3684082,283.956014130952,NA,NA,NA
"Zehr_Site 15_Fagus_grandifolia_Survey 2","8/5/2020",45,166,127,67,217,9144,378,55,510,273,661,0.818,0.15,0.008,0,0.004,0,0,0.016,0.004,0,0,9021,0.8112,86,114,29,9682,285,-102,387,197,-31,206,-44,889,98,38,24,271,144,267,149,0,0,1.40366109047619,2.3684082,283.956014130952,NA,NA,NA
"Zehr_Site 15_Fagus_grandifolia_Survey 3","10/2/2020",45,166,127,67,217,9144,378,55,510,273,661,0.816,0.16,0.002,0,0.005,0,0,0.016,0.001,0,0,8368,0.8112,86,114,29,9682,285,-102,387,197,-31,206,-44,889,98,38,24,271,144,267,149,0,0,1.40366109047619,2.3684082,283.956014130952,NA,NA,NA
"Zehr_Site 15_Galium_circaezans_Survey 1","10/7/2020",45,166,127,67,217,9144,378,55,510,273,661,0.813,0.164,0.004,0,0.004,0,0,0.012,0.003,0,0,8376,0.8112,86,114,29,9682,285,-102,387,197,-31,206,-44,889,98,38,24,271,144,267,149,0,0,1.40366109047619,2.3684082,283.956014130952,NA,NA,NA
"Zehr_Site 15_Helianthus_occidentalis_Survey 1","10/2/2021",46,181,127,66,195,6538,397,58,482,323,523,0.615,0.211,0.002,0,0.022,0,0,0.014,0.136,0,0,8110,0.808,86,114,29,9674,284,-101,385,196,-31,206,-44,885,98,37,25,271,142,267,148,0,0,1.40366109047619,2.3684082,283.956014130952,NA,NA,NA
"Zehr_Site 15_Lupinus_perennis_Survey 1","6/16/2020",43,169,130,57,243,8864,364,56,481,276,492,0.608,0.249,0.007,0,0.009,0,0,0.015,0.112,0,0,6582,0.8116,85,113,29,9691,284,-102,386,196,-31,206,-45,893,99,38,24,273,145,268,150,0,0,1.40366109047619,2.3684082,283.956014130952,NA,NA,NA
"Zehr_Site 15_Lupinus_perennis_Survey 2","7/31/2020",43,169,130,57,243,8864,364,56,481,276,492,0.601,0.268,0.01,0,0.012,0,0,0.017,0.092,0,0,8673,0.8116,85,113,29,9691,284,-102,386,196,-31,206,-45,893,99,38,24,273,145,268,150,0,0,1.40366109047619,2.3684082,283.956014130952,NA,NA,NA
"Zehr_Site 15_Lupinus_perennis_Survey 3","9/15/2020",43,169,130,57,243,8864,364,56,481,276,492,0.604,0.242,0.007,0,0.007,0,0,0.018,0.122,0,0,8200,0.8116,85,113,29,9691,284,-102,386,196,-31,206,-45,893,99,38,24,273,145,268,150,0,0,1.40366109047619,2.3684082,283.956014130952,NA,NA,NA
"Zehr_Site 15_Lupinus_perennis_Survey 4","6/24/2021",43,169,130,57,243,8864,364,56,481,276,492,0.589,0.267,0.007,0,0.015,0,0,0.009,0.113,0,0,7255,0.8116,85,113,29,9691,284,-102,386,196,-31,206,-45,893,99,38,24,273,145,268,150,0,0,1.40366109047619,2.3684082,283.956014130952,NA,NA,NA
"Zehr_Site 15_Monarda_fistulosa_Survey 1","6/5/2020",46,181,127,66,195,6538,397,58,482,323,523,0.627,0.211,0.002,0,0.028,0,0,0.016,0.116,0,0,5806,0.808,86,114,29,9674,284,-101,385,196,-31,206,-44,885,98,37,25,271,142,267,148,0,0,1.40366109047619,2.3684082,283.956014130952,NA,NA,NA
"Zehr_Site 15_Monarda_fistulosa_Survey 2","7/29/2020",46,181,127,66,195,6538,397,58,482,323,523,0.624,0.202,0.007,0.001,0.029,0,0,0.003,0.134,0,0,8574,0.808,86,114,29,9674,284,-101,385,196,-31,206,-44,885,98,37,25,271,142,267,148,0,0,1.40366109047619,2.3684082,283.956014130952,NA,NA,NA
"Zehr_Site 15_Monarda_fistulosa_Survey 3","9/29/2020",46,181,127,66,195,6538,397,58,482,323,523,0.618,0.212,0.001,0.001,0.023,0,0,0.008,0.137,0,0,8118.19808,0.808,86,114,29,9674,284,-101,385,196,-31,206,-44,885,98,37,25,271,142,267,148,0,0,1.40366109047619,2.3684082,283.956014130952,NA,NA,NA
"Zehr_Site 15_Monarda_fistulosa_Survey 4","9/2/2021",46,181,127,66,195,6538,397,58,482,323,523,0.619,0.221,0.003,0.001,0.023,0,0,0.013,0.12,0,0,8573,0.808,86,114,29,9674,284,-101,385,196,-31,206,-44,885,98,37,25,271,142,267,148,0,0,1.40366109047619,2.3684082,283.956014130952,NA,NA,NA
"Zehr_Site 15_Nabalus_altissimus_Survey 1","10/20/2021",45,166,127,67,217,9144,378,55,510,273,661,0.798,0.162,0.008,0,0.004,0,0,0.026,0.002,0,0,7589,0.8112,86,114,29,9682,285,-102,387,197,-31,206,-44,889,98,38,24,271,144,267,149,0,0,1.40366109047619,2.3684082,283.956014130952,NA,NA,NA
"Zehr_Site 15_Panax_trifolius_Survey 1","5/23/2020",43,173,133,58,229,10608,369,59,484,287,465,0.783,0.16,0.003,0,0.015,0,0,0.019,0.02,0,0,5805.8416358,0.8112,86,114,29,9682,285,-102,387,197,-31,206,-44,889,98,38,24,271,144,267,149,0,0,1.40366109047619,2.3684082,283.956014130952,NA,NA,NA
"Zehr_Site 15_Panax_trifolius_Survey 2","6/9/2020",43,173,133,58,229,10608,369,59,484,287,465,0.798,0.15,0.003,0,0.014,0,0,0.014,0.021,0,0,6974.3536387,0.8112,86,114,29,9682,285,-102,387,197,-31,206,-44,889,98,38,24,271,144,267,149,0,0,1.40366109047619,2.3684082,283.956014130952,NA,NA,NA
"Zehr_Site 15_Rudbeckia_hirta_Survey 1","6/18/2020",46,181,127,66,195,6538,397,58,482,323,523,0.631,0.211,0.003,0,0.026,0,0,0.017,0.112,0,0,8094,0.808,86,114,29,9674,284,-101,385,196,-31,206,-44,885,98,37,25,271,142,267,148,0,0,1.40366109047619,2.3684082,283.956014130952,NA,NA,NA
"Zehr_Site 15_Rudbeckia_hirta_Survey 2","7/29/2020",46,181,127,66,195,6538,397,58,482,323,523,0.613,0.212,0.005,0,0.031,0,0,0.017,0.122,0,0,8574,0.808,86,114,29,9674,284,-101,385,196,-31,206,-44,885,98,37,25,271,142,267,148,0,0,1.40366109047619,2.3684082,283.956014130952,NA,NA,NA
"Zehr_Site 15_Rudbeckia_hirta_Survey 3","10/7/2020",46,181,127,66,195,6538,397,58,482,323,523,0.621,0.222,0.006,0,0.033,0,0,0.01,0.108,0,0,8317,0.808,86,114,29,9674,284,-101,385,196,-31,206,-44,885,98,37,25,271,142,267,148,0,0,1.40366109047619,2.3684082,283.956014130952,NA,NA,NA
"Zehr_Site 15_Viola_pubescens_Survey 1","5/20/2020",45,166,127,67,217,9144,378,55,510,273,661,0.805,0.172,0.004,0,0.004,0,0,0.01,0.005,0,0,5527,0.8112,86,114,29,9682,285,-102,387,197,-31,206,-44,889,98,38,24,271,144,267,149,0,0,1.40366109047619,2.3684082,283.956014130952,NA,NA,NA
"Zehr_Site 15_Viola_pubescens_Survey 2","7/20/2020",45,166,127,67,217,9144,378,55,510,273,661,0.81,0.156,0.008,0,0.005,0,0,0.019,0.002,0,0,8040,0.8112,86,114,29,9682,285,-102,387,197,-31,206,-44,889,98,38,24,271,144,267,149,0,0,1.40366109047619,2.3684082,283.956014130952,NA,NA,NA
"Zehr_Site 15_Viola_pubescens_Survey 3","8/19/2020",45,166,127,67,217,9144,378,55,510,273,661,0.798,0.167,0.001,0,0.012,0,0,0.018,0.004,0,0,8837,0.8112,86,114,29,9682,285,-102,387,197,-31,206,-44,889,98,38,24,271,144,267,149,0,0,1.40366109047619,2.3684082,283.956014130952,NA,NA,NA
"Zehr_Site 15_Vitis_aestivalis_Survey 1","6/24/2020",47,171,126,60,202,8356,419,53,479,319,804,0.54,0.178,0.01,0,0.02,0,0,0.128,0.124,0,0,6803.7216162,0.8335,86,112,29,9658,284,-99,383,197,-30,206,-43,915,99,40,23,276,151,272,158,2.85689943571429,2.90714518333333,2.07656570535714,3.03389486666667,283.815120407143,NA,NA,NA
"Zehr_Site 15_Vitis_aestivalis_Survey 2","8/3/2020",47,171,126,60,202,8356,419,53,479,319,804,0.547,0.174,0.008,0,0.024,0,0,0.121,0.126,0,0,8446,0.8335,86,112,29,9658,284,-99,383,197,-30,206,-43,915,99,40,23,276,151,272,158,2.85689943571429,2.90714518333333,2.07656570535714,3.03389486666667,283.815120407143,NA,NA,NA
"Zehr_Site 15_Vitis_aestivalis_Survey 3","10/1/2020",47,171,126,60,202,8356,419,53,479,319,804,0.553,0.186,0.014,0,0.015,0,0,0.129,0.103,0,0,7990,0.8335,86,112,29,9658,284,-99,383,197,-30,206,-43,915,99,40,23,276,151,272,158,2.85689943571429,2.90714518333333,2.07656570535714,3.03389486666667,283.815120407143,NA,NA,NA
"Zehr_Site 15_Zizia_aurea_Survey 1","6/1/2020",48,192,133,64,246,7846,369,55,434,321,474,0.647,0.256,0.004,0,0.019,0,0,0.014,0.06,0,0,6004,0.8116,85,113,29,9691,284,-102,386,196,-31,206,-45,893,99,38,24,273,145,268,150,0,0,1.40366109047619,2.3684082,283.956014130952,NA,NA,NA
"Zehr_Site 15_Zizia_aurea_Survey 2","7/20/2020",48,192,133,64,246,7846,369,55,434,321,474,0.633,0.257,0.005,0,0.023,0,0,0.015,0.067,0,0,8140,0.8116,85,113,29,9691,284,-102,386,196,-31,206,-45,893,99,38,24,273,145,268,150,0,0,1.40366109047619,2.3684082,283.956014130952,NA,NA,NA
"Zehr_Site 15_Zizia_aurea_Survey 3","8/25/2020",48,192,133,64,246,7846,369,55,434,321,474,0.667,0.233,0.007,0,0.018,0,0,0.024,0.051,0,0,8234,0.8116,85,113,29,9691,284,-102,386,196,-31,206,-45,893,99,38,24,273,145,268,150,0,0,1.40366109047619,2.3684082,283.956014130952,NA,NA,NA
"Zehr_Site 15_Zizia_aurea_Survey 4","6/23/2021",48,192,133,64,246,7846,369,55,434,321,474,0.641,0.262,0.005,0,0.018,0,0,0.009,0.065,0,0,7255,0.8116,85,113,29,9691,284,-102,386,196,-31,206,-45,893,99,38,24,273,145,268,150,0,0,1.40366109047619,2.3684082,283.956014130952,NA,NA,NA
"Zehr_Site 18_Cornus_disciflora_Survey 1","2/19/2020",89,169,70,98,252,5885,582,50,344,404,1278,0.998,0.002,0,0,0,0,0,0,0,0,0,9064,2.5987999,125,89,78,637,178,64,114,128,118,131,115,2542,407,45,54,986,184,849,301,2.80066208392857,2.71791585,5.39350019464286,5.23036703333333,291.503588410714,NA,NA,NA
"Zehr_Site 18_Jungia_ferruginea_Survey 1","2/18/2020",97,187,74,165,258,6733,566,53,329,413,1148,0.991,0.009,0,0,0,0,0,0,0,0,0,8960.7900664,2.4216001,153,93,79,575,208,91,117,155,147,159,144,2313,365,36,53,911,155,749,266,2.80066208392857,2.71791585,5.39350019464286,5.23036703333333,291.503588410714,NA,NA,NA
"Zehr_Site 18_Myrrhidendron_donnell-smithii_Survey 1","2/23/2020",89,169,70,98,252,5885,582,50,344,404,1278,1,0,0,0,0,0,0,0,0,0,0,9064,2.5987999,125,89,78,637,178,64,114,128,118,131,115,2542,407,45,54,986,184,849,301,2.80066208392857,2.71791585,5.39350019464286,5.23036703333333,291.503588410714,NA,NA,NA
"Zehr_Site 18_Zanthoxylum_melanostictum_Survey 1","2/19/2020",90,168,68,120,261,5985,591,50,340,399,1259,0.986,0.014,0,0,0,0,0,0,0,0,0,9121,2.3001001,106,87,79,606,158,48,110,107,99,112,96,2647,423,50,53,1010,203,902,329,2.80066208392857,2.71791585,5.39350019464286,5.23036703333333,291.503588410714,NA,NA,NA
"Zehr_Site 1_Ailanthus_altissima_Survey 1","8/24/2020",48,178,134,89,151,8082,418,56,621,228,668,0.512,0.164,0.02,0,0.088,0,0,0.013,0.203,0,0,7517,0.8162,88,113,29,9723,288,-99,387,199,-29,209,-42,912,98,39,24,277,147,273,154,2.94212486607143,2.97631836666667,1.55272784940476,2.50140381666667,284.009125897619,NA,NA,NA
"Zehr_Site 1_Catalpa_speciosa_Survey 1","6/11/2020",51,191,131,101,179,8111,409,59,577,244,760,0.459,0.154,0.009,0,0.167,0,0,0,0.211,0,0,8517,0.8159,88,113,29,9752,288,-99,387,200,-29,209,-43,913,98,39,24,277,147,273,154,2.94212486607143,2.97631836666667,1.55272784940476,2.50140381666667,284.009125897619,NA,NA,NA
"Zehr_Site 1_Catalpa_speciosa_Survey 2","8/4/2020",51,191,131,101,179,8111,409,59,577,244,760,0.463,0.14,0.015,0,0.156,0,0,0,0.226,0,0,7210,0.8159,88,113,29,9752,288,-99,387,200,-29,209,-43,913,98,39,24,277,147,273,154,2.94212486607143,2.97631836666667,1.55272784940476,2.50140381666667,284.009125897619,NA,NA,NA
"Zehr_Site 1_Catalpa_speciosa_Survey 3","10/8/2020",51,191,131,101,179,8111,409,59,577,244,760,0.469,0.151,0.015,0,0.153,0,0,0,0.212,0,0,7716,0.8159,88,113,29,9752,288,-99,387,200,-29,209,-43,913,98,39,24,277,147,273,154,2.94212486607143,2.97631836666667,1.55272784940476,2.50140381666667,284.009125897619,NA,NA,NA
"Zehr_Site 1_Echinacea_purpurea_Survey 1","5/29/2020",51,209,135,99,180,8189,426,60,576,244,637,0.411,0.127,0.008,0,0.26,0,0,0,0.194,0,0,7151,0.814,89,113,29,9696,288,-98,386,200,-28,209,-41,910,98,39,24,276,147,272,154,2.94212486607143,2.97631836666667,1.55272784940476,2.50140381666667,284.009125897619,NA,NA,NA
"Zehr_Site 1_Echinacea_purpurea_Survey 2","7/4/2020",51,209,135,99,180,8189,426,60,576,244,637,0.45,0.15,0.013,0,0.236,0,0,0,0.151,0,0,7694,0.814,89,113,29,9696,288,-98,386,200,-28,209,-41,910,98,39,24,276,147,272,154,2.94212486607143,2.97631836666667,1.55272784940476,2.50140381666667,284.009125897619,NA,NA,NA
"Zehr_Site 1_Echinacea_purpurea_Survey 3","9/11/2020",51,209,135,99,180,8189,426,60,576,244,637,0.435,0.131,0.011,0,0.259,0,0,0,0.164,0,0,8015,0.814,89,113,29,9696,288,-98,386,200,-28,209,-41,910,98,39,24,276,147,272,154,2.94212486607143,2.97631836666667,1.55272784940476,2.50140381666667,284.009125897619,NA,NA,NA
"Zehr_Site 1_Echinacea_purpurea_Survey 4","9/17/2021",51,209,135,99,180,8189,426,60,576,244,637,0.434,0.125,0.015,0,0.255,0,0,0,0.171,0,0,8208,0.814,89,113,29,9696,288,-98,386,200,-28,209,-41,910,98,39,24,276,147,272,154,2.94212486607143,2.97631836666667,1.55272784940476,2.50140381666667,284.009125897619,NA,NA,NA
"Zehr_Site 1_Impatiens_capensis_Survey 1","7/1/2020",51,191,136,101,179,8111,409,59,577,244,488,0.474,0.171,0.012,0,0.123,0,0,0,0.22,0,0,7694,0.8178,88,113,29,9751,288,-99,387,200,-29,209,-43,914,98,39,23,277,148,273,155,2.94212486607143,2.97631836666667,1.55272784940476,2.50140381666667,284.009125897619,NA,NA,NA
"Zehr_Site 1_Impatiens_capensis_Survey 2","8/7/2020",51,191,136,101,179,8111,409,59,577,244,488,0.459,0.178,0.014,0,0.133,0,0,0,0.216,0,0,7210,0.8178,88,113,29,9751,288,-99,387,200,-29,209,-43,914,98,39,23,277,148,273,155,2.94212486607143,2.97631836666667,1.55272784940476,2.50140381666667,284.009125897619,NA,NA,NA
"Zehr_Site 1_Impatiens_capensis_Survey 3","9/30/2020",51,191,136,101,179,8111,409,59,577,244,488,0.463,0.163,0.013,0,0.104,0,0,0,0.257,0,0,7716,0.8178,88,113,29,9751,288,-99,387,200,-29,209,-43,914,98,39,23,277,148,273,155,2.94212486607143,2.97631836666667,1.55272784940476,2.50140381666667,284.009125897619,NA,NA,NA
"Zehr_Site 1_Juglans_nigra_Survey 1","6/12/2020",51,209,135,99,180,8189,426,60,576,244,637,0.45,0.128,0.01,0.001,0.257,0,0,0,0.154,0,0,8517,0.8159,88,113,29,9752,288,-99,387,200,-29,209,-43,913,98,39,24,277,147,273,154,2.94212486607143,2.97631836666667,1.55272784940476,2.50140381666667,284.009125897619,NA,NA,NA
"Zehr_Site 1_Juglans_nigra_Survey 2","8/10/2020",51,209,135,99,180,8189,426,60,576,244,637,0.464,0.117,0.015,0,0.246,0,0,0,0.158,0,0,7210,0.8159,88,113,29,9752,288,-99,387,200,-29,209,-43,913,98,39,24,277,147,273,154,2.94212486607143,2.97631836666667,1.55272784940476,2.50140381666667,284.009125897619,NA,NA,NA
"Zehr_Site 1_Morus_alba_Survey 1","8/24/2020",60,210,135,100,147,7449,487,62,565,288,519,0.418,0.069,0.011,0,0.397,0,0,0,0.105,0,0,7373,0.814,89,113,29,9696,288,-98,386,200,-28,209,-41,910,98,39,24,276,147,272,154,2.94212486607143,2.97631836666667,1.55272784940476,2.50140381666667,284.009125897619,NA,NA,NA
"Zehr_Site 1_Solidago_caesia_Survey 1","9/29/2021",60,210,135,100,147,7449,487,62,565,288,519,0.388,0.068,0.006,0,0.432,0,0,0,0.106,0,0,5583.9063621,0.814,89,113,29,9696,288,-98,386,200,-28,209,-41,910,98,39,24,276,147,272,154,2.94212486607143,2.97631836666667,1.55272784940476,2.50140381666667,284.009125897619,NA,NA,NA
"Zehr_Site 1_Symphyotrichum_cordifolium_Survey 1","9/11/2021",60,210,135,100,147,7449,487,62,565,288,519,0.369,0.084,0.017,0,0.415,0,0,0,0.115,0,0,8243,0.814,89,113,29,9696,288,-98,386,200,-28,209,-41,910,98,39,24,276,147,272,154,2.94212486607143,2.97631836666667,1.55272784940476,2.50140381666667,284.009125897619,NA,NA,NA
"Zehr_Site 2_Alnus_acuminata_Survey 1","2/14/2020",97,197,78,91,305,5975,561,53,352,343,996,0.984,0.016,0,0,0,0,0,0,0,0,0,8862,2.3431001,157,93,79,553,212,95,117,158,151,162,147,2276,358,34,53,897,151,735,262,2.80066208392857,2.71791585,5.39350019464286,5.23036703333333,291.503588410714,NA,NA,NA
"Zehr_Site 2_Bidens_reptans_Survey 1","2/28/2020",78,172,80,68,284,5287,501,53,355,360,780,0.78,0.181,0.015,0,0,0,0,0,0.024,0,0,8360,2.3204999,172,94,78,509,230,111,119,170,167,177,164,2243,374,31,60,910,116,660,201,2.80066208392857,2.71791585,5.39350019464286,5.23036703333333,291.503588410714,NA,NA,NA
"Zehr_Site 2_Bocconia_frutescens_Survey 1","2/13/2020",97,197,78,91,305,5975,561,53,352,343,996,0.985,0.015,0,0,0,0,0,0,0,0,0,8862,2.3431001,157,93,79,553,212,95,117,158,151,162,147,2276,358,34,53,897,151,735,262,2.80066208392857,2.71791585,5.39350019464286,5.23036703333333,291.503588410714,NA,NA,NA
"Zehr_Site 2_Bomarea_chiriquina_Survey 1","2/17/2020",90,189,72,143,247,7073,563,51,367,385,1084,0.995,0.005,0,0,0,0,0,0,0,0,0,8996.7144317,2.5771,136,91,77,661,190,73,117,139,128,142,125,2470,394,42,54,964,174,815,289,2.80066208392857,2.71791585,5.39350019464286,5.23036703333333,291.503588410714,NA,NA,NA
"Zehr_Site 2_Coffea_arabica_Survey 1","2/28/2020",97,197,78,91,305,5975,561,53,352,343,996,0.983,0.016,0,0,0,0,0,0,0.001,0,0,9182,2.3431001,157,93,79,553,212,95,117,158,151,162,147,2276,358,34,53,897,151,735,262,2.80066208392857,2.71791585,5.39350019464286,5.23036703333333,291.503588410714,NA,NA,NA
"Zehr_Site 2_Desmodium_procumbens_Survey 1","2/25/2020",95,189,73,89,261,6778,574,52,320,420,1176,0.988,0.012,0,0,0,0,0,0,0,0,0,8868,2.4216001,153,93,79,575,208,91,117,155,147,159,144,2313,365,36,53,911,155,749,266,2.80066208392857,2.71791585,5.39350019464286,5.23036703333333,291.503588410714,NA,NA,NA
"Zehr_Site 2_Dioscorea_racemosa_Survey 1","4/16/2019",91,198,80,73,308,5684,532,52,339,353,837,0.935,0.047,0.017,0,0,0,0,0,0.001,0,0,8589,2.2735,165,94,78,548,222,103,119,166,159,169,156,2212,351,32,55,877,137,629,241,2.80066208392857,2.71791585,5.39350019464286,5.23036703333333,291.503588410714,NA,NA,NA
"Zehr_Site 2_Ipomoea_batatas_Survey 1","2/21/2020",97,197,78,91,305,5975,561,53,352,343,996,0.977,0.023,0,0,0,0,0,0,0,0,0,9182,2.3431001,157,93,79,553,212,95,117,158,151,162,147,2276,358,34,53,897,151,735,262,2.80066208392857,2.71791585,5.39350019464286,5.23036703333333,291.503588410714,NA,NA,NA
"Zehr_Site 2_Jessea_multivenia_Survey 1","2/14/2020",91,198,80,73,308,5684,532,52,339,353,837,0.929,0.049,0.021,0,0,0,0,0,0.001,0,0,8840,2.2735,165,94,78,548,222,103,119,166,159,169,156,2212,351,32,55,877,137,629,241,2.80066208392857,2.71791585,5.39350019464286,5.23036703333333,291.503588410714,NA,NA,NA
"Zehr_Site 2_Passiflora_apetala_Survey 1","2/22/2020",90,193,79,86,306,5910,565,53,355,339,973,0.977,0.023,0,0,0,0,0,0,0,0,0,9182,2.3431001,157,93,79,553,212,95,117,158,151,162,147,2276,358,34,53,897,151,735,262,2.80066208392857,2.71791585,5.39350019464286,5.23036703333333,291.503588410714,NA,NA,NA
"Zehr_Site 2_Phytolacca_rivinoides_Survey 1","2/13/2020",97,197,78,91,305,5975,561,53,352,343,1016,0.983,0.017,0,0,0,0,0,0,0,0,0,8862,2.3431001,157,93,79,553,212,95,117,158,151,162,147,2276,358,34,53,897,151,735,262,2.80066208392857,2.71791585,5.39350019464286,5.23036703333333,291.503588410714,NA,NA,NA
"Zehr_Site 2_Piper_umbellatum_Survey 1","10/19/2019",97,197,78,91,305,5975,561,53,352,343,996,0.975,0.025,0,0,0,0,0,0,0,0,0,3265,2.3431001,157,93,79,553,212,95,117,158,151,162,147,2276,358,34,53,897,151,735,262,2.80066208392857,2.71791585,5.39350019464286,5.23036703333333,291.503588410714,NA,NA,NA
"Zehr_Site 2_Psychotria_aubletiana_Survey 1","10/18/2019",91,198,80,73,308,5684,532,52,339,353,837,0.944,0.037,0.019,0,0,0,0,0,0,0,0,2909,2.2735,165,94,78,548,222,103,119,166,159,169,156,2212,351,32,55,877,137,629,241,2.80066208392857,2.71791585,5.39350019464286,5.23036703333333,291.503588410714,NA,NA,NA
"Zehr_Site 2_Ricinus_communis_Survey 1","10/17/2019",79,200,87,76,287,5027,521,54,343,370,649,0.826,0.147,0.017,0,0,0,0,0,0.01,0,0,2909,2.2735,165,94,78,548,222,103,119,166,159,169,156,2212,351,32,55,877,137,629,241,2.80066208392857,2.71791585,5.39350019464286,5.23036703333333,291.503588410714,NA,NA,NA
"Zehr_Site 2_Rumex_obtusifolius_Survey 1","2/24/2020",89,192,82,72,288,5430,535,52,342,370,797,0.877,0.098,0.021,0,0,0,0,0,0.004,0,0,8647,2.2735,165,94,78,548,222,103,119,166,159,169,156,2212,351,32,55,877,137,629,241,2.80066208392857,2.71791585,5.39350019464286,5.23036703333333,291.503588410714,NA,NA,NA
"Zehr_Site 2_Sisyrinchium_tinctorium_Survey 1","2/20/2020",78,172,80,68,284,5287,501,53,355,360,780,0.783,0.18,0.022,0,0,0,0,0,0.015,0,0,8360,2.3204999,172,94,78,509,230,111,119,170,167,177,164,2243,374,31,60,910,116,660,201,2.80066208392857,2.71791585,5.39350019464286,5.23036703333333,291.503588410714,NA,NA,NA
"Zehr_Site 2_Smilax_febrifuga_Survey 1","4/16/2019",91,198,80,73,308,5684,532,52,339,353,837,0.938,0.047,0.014,0,0,0,0,0,0.001,0,0,8589,2.2735,165,94,78,548,222,103,119,166,159,169,156,2212,351,32,55,877,137,629,241,2.80066208392857,2.71791585,5.39350019464286,5.23036703333333,291.503588410714,NA,NA,NA
"Zehr_Site 3_Ammophila_breviligulata_Survey 1","8/11/2020",50,256,128,9,78,7932,522,53,819,102,941,0.95,0.031,0.007,0.002,0.01,0,0,0,0,0,0,8804.3696493,0.837,88,98,27,9190,271,-83,354,195,-23,202,-34,899,99,37,21,267,154,253,169,1.10958497619048,1.3603312,2.25092714583333,2.51442465,284.114565709524,NA,NA,NA
"Zehr_Site 4_Arisaema_triphyllum_Survey 1","7/25/2019",50,160,125,53,233,7687,395,54,376,392,763,0.927,0.053,0,0,0,0,0,0,0.02,0,0,8320,0.8155,89,113,29,9690,288,-98,386,200,-27,210,-41,905,97,39,24,275,146,271,153,2.94212486607143,2.97631836666667,1.55272784940476,2.50140381666667,284.009125897619,NA,NA,NA
"Zehr_Site 4_Liriodendron_tulipifera_Survey 1","8/1/2019",50,168,123,71,198,8661,422,54,507,295,631,0.824,0.092,0.003,0,0,0,0,0,0.081,0,0,8721,0.8155,89,113,29,9690,288,-98,386,200,-27,210,-41,905,97,39,24,275,146,271,153,2.94212486607143,2.97631836666667,1.55272784940476,2.50140381666667,284.009125897619,NA,NA,NA
"Zehr_Site 4_Nectandra_lineata_Survey 1","4/15/2019",89,185,78,99,312,6265,550,53,346,343,1032,0.973,0.026,0,0,0,0,0,0,0.001,0,0,7888,2.4947,160,93,79,552,216,99,117,162,154,165,151,2240,351,33,53,882,147,634,257,2.80066208392857,2.71791585,5.39350019464286,5.23036703333333,291.503588410714,NA,NA,NA
"Zehr_Site 4_Quercus_insignis_Survey 1","4/17/2019",89,185,77,99,312,6265,550,53,346,343,1107,0.975,0.024,0,0,0,0,0,0,0.001,0,0,7888,2.4947,160,93,79,552,216,99,117,162,154,165,151,2240,351,33,53,882,147,634,257,2.80066208392857,2.71791585,5.39350019464286,5.23036703333333,291.503588410714,NA,NA,NA
"Zehr_Site 4_Sanicula_liberta_Survey 1","10/17/2019",89,185,77,99,312,6265,550,53,346,343,1107,0.977,0.023,0,0,0,0,0,0,0,0,0,1154,2.4947,160,93,79,552,216,99,117,162,154,165,151,2240,351,33,53,882,147,634,257,2.80066208392857,2.71791585,5.39350019464286,5.23036703333333,291.503588410714,NA,NA,NA
"Zehr_Site 4_Tradescantia_zanonia_Survey 1","4/17/2019",89,185,77,99,312,6265,550,53,346,343,1107,0.977,0.023,0,0,0,0,0,0,0,0,0,7888,2.4947,160,93,79,552,216,99,117,162,154,165,151,2240,351,33,53,882,147,634,257,2.80066208392857,2.71791585,5.39350019464286,5.23036703333333,291.503588410714,NA,NA,NA
"Zehr_Site 5_Lupinus_perennis_Survey 1","7/4/2019",43,169,130,57,243,8864,364,56,481,276,492,0.591,0.265,0.005,0,0.015,0,0,0.014,0.11,0,0,8374,0.8116,85,113,29,9691,284,-102,386,196,-31,206,-45,893,99,38,24,273,145,268,150,0,0,1.40366109047619,2.3684082,283.956014130952,NA,NA,NA
"Zehr_Site 5_Monarda_fistulosa_Survey 1","9/26/2019",46,181,127,66,195,6538,397,58,482,323,523,0.637,0.208,0.006,0.001,0.029,0,0,0.011,0.108,0,0,8388,0.808,86,114,29,9674,284,-101,385,196,-31,206,-44,885,98,37,25,271,142,267,148,0,0,1.40366109047619,2.3684082,283.956014130952,NA,NA,NA
"Zehr_Site 5_Sarracenia_purpurea_Survey 1","8/27/2020",51,165,134,55,178,9528,447,60,572,250,695,0.808,0.073,0.097,0.008,0,0,0,0.003,0.011,0,0,7772.1493438,0.8239,89,111,28,9687,285,-98,383,199,-28,209,-41,918,95,41,22,278,154,276,160,1.83785284702381,2.33825681666667,3.67724026964286,4.00494385,283.964867758333,NA,NA,NA
"Zehr_Site 5_Zizia_aurea_Survey 1","7/1/2019",48,192,133,64,246,7846,369,55,434,321,474,0.645,0.258,0.005,0,0.022,0,0,0.012,0.058,0,0,8374,0.8116,85,113,29,9691,284,-102,386,196,-31,206,-45,893,99,38,24,273,145,268,150,0,0,1.40366109047619,2.3684082,283.956014130952,NA,NA,NA
"Zehr_Site 8_Catalpa_speciosa_Survey 1","8/22/2018",51,209,131,99,180,8189,426,60,576,244,760,0.425,0.13,0.018,0,0.224,0,0,0,0.203,0,0,6556,0.8159,88,113,29,9752,288,-99,387,200,-29,209,-43,913,98,39,24,277,147,273,154,2.94212486607143,2.97631836666667,1.55272784940476,2.50140381666667,284.009125897619,NA,NA,NA
"Zehr_Site 8_Pastinaca_sativa_Survey 1","7/8/2018",58,190,143,12,223,5660,396,64,251,526,328,0.389,0.087,0.01,0,0,0,0,0,0.514,0,0,8030,0.7582,98,120,29,10270,299,-113,412,203,-44,223,-44,907,105,31,33,301,120,301,120,2.1828387922619,2.85487875,2.14172580714286,2.44340006666667,285.008035134524,NA,NA,NA
"Zhong_Site 1_Artemisia_mongolica_Survey 1","8/25/2019",26,233,133,207,194,5259,211,79,517,289,112,0.144,0.041,0.12,0.005,0,0,0,0,0.69,0,0,7907,0.3194,54,120,24,13640,285,-213,498,220,-131,220,-131,434,141,2,115,308,8,308,8,0.975425351785714,1.28688556666667,2.49794004166667,2.49820963333333,281.71141817619,NA,NA,NA
"Zhong_Site 1_Kalimeris_integrifolia_Survey 1","8/25/2019",27,229,133,207,232,4605,207,80,503,265,99,0.138,0.381,0.02,0,0,0,0,0,0.461,0,0,8025,0.3173,54,119,23,13665,285,-213,498,221,-131,221,-131,433,141,2,115,307,8,307,8,0.975425351785714,1.28688556666667,2.49794004166667,2.49820963333333,281.71141817619,NA,NA,NA
"Zhong_Site 1_Lathyrus_quinquenervius_Survey 1","8/27/2019",26,220,133,260,264,4636,202,79,499,238,99,0.053,0.572,0.002,0,0,0,0,0,0.373,0,0,7265,0.3135,54,119,23,13665,285,-213,498,221,-131,221,-131,433,141,2,115,307,8,307,8,0.975425351785714,1.28688556666667,2.49794004166667,2.49820963333333,281.71141817619,NA,NA,NA
"Zhong_Site 1_Plantago_asiatica_Survey 1","8/22/2019",26,229,134,215,197,5320,207,79,493,310,109,0.183,0.041,0.164,0.003,0,0,0,0,0.609,0,0,7551,0.3197,54,120,24,13640,285,-213,498,220,-131,220,-131,434,141,2,115,308,8,308,8,0.975425351785714,1.28688556666667,2.49794004166667,2.49820963333333,281.71141817619,NA,NA,NA
"Zhong_Site 1_Plantago_depressa_Survey 1","8/22/2019",26,230,134,214,194,5135,200,79,492,314,110,0.154,0.059,0.144,0.005,0,0,0,0,0.638,0,0,7914,0.3197,54,120,24,13640,285,-213,498,220,-131,220,-131,434,141,2,115,308,8,308,8,0.975425351785714,1.28688556666667,2.49794004166667,2.49820963333333,281.71141817619,NA,NA,NA
"Zhong_Site 1_Plantago_lanceolata_Survey 1","7/25/2020",30,240,135,136,313,4166,221,80,433,255,114,0.005,0.283,0,0.136,0.013,0,0,0,0.563,0,0,3871,0.3446,54,119,23,13704,285,-215,500,221,-133,221,-133,429,141,2,118,306,7,306,7,0.857767757738095,1.15956626666667,0,0,281.552589610714,NA,NA,NA
"Zhong_Site 1_Plantago_major_Survey 1","8/22/2019",26.2663854,232.7015035,134,207.2515649,196.4921755,5260.7757594,207.2148972,78.8963025,515.2122123,288.3700368,121,0.165,0.036,0.151,0.001,0,0,0,0,0.647,0,0,7895,0.3194,54,120,24,13640,285,-213,498,220,-131,220,-131,434,141,2,115,308,8,308,8,0.975425351785714,1.28688556666667,2.49794004166667,2.49820963333333,281.71141817619,NA,NA,NA
"Zhong_Site 1_Solanum_nigrum_Survey 1","8/25/2019",27,227,134,212,194,5315,205,79,488,318,111,0.19,0.062,0.175,0.003,0,0,0,0,0.57,0,0,7551,0.3197,54,120,24,13640,285,-213,498,220,-131,220,-131,434,141,2,115,308,8,308,8,0.975425351785714,1.28688556666667,2.49794004166667,2.49820963333333,281.71141817619,NA,NA,NA
"Zhong_Site 1_Taraxacum_mongolicum_Survey 1","7/25/2020",26,232,134,208,197,5369,210,78,513,290,117,0.167,0.039,0.146,0.007,0,0,0,0,0.641,0,0,5190,0.3194,54,120,24,13640,285,-213,498,220,-131,220,-131,434,141,2,115,308,8,308,8,0.975425351785714,1.28688556666667,2.49794004166667,2.49820963333333,281.71141817619,NA,NA,NA
